scene_token,name,location,vehicle,num_samples,n_lidar_samples_seen,description,th_barrier,th_bicycle,th_bus,th_car,th_const_veh,th_motorcycle,th_pedestrian,th_traffic_cone,th_trailer,th_truck,vx_drive_surf,vx_other_flat,vx_sidewalk,vx_terrain,vx_manmade,vx_vegetation
73030fb67d3c46cfb5e590168088ae39,scene-0001,singapore-onenorth,n015,40,40,Construction; maneuver between several trucks,0,0,0,25,33,0,151,61,0,179,235372,85,118301,301447,247535,265266
c3e0e9f6ee8d4170a3d22a6179f1ca3a,scene-0002,singapore-onenorth,n015,40,40,Intersection; peds; waiting vehicle; parked motorcycle at parking lot,461,16,0,255,39,93,144,79,0,117,363963,2532,45561,102351,437118,438700
e7ef871f77f44331aefdebc24ec034b7,scene-0003,singapore-onenorth,n015,40,40,Parking lot; barrier; exit parking lot,0,64,0,960,0,0,450,305,0,0,346741,22174,85141,155630,626306,185761
25496f19ffd14bd088cb430bfc01a4d7,scene-0004,singapore-onenorth,n015,40,40,Random scene; arrive at intersection; cross intersection; jaywalkers,1662,31,0,188,69,35,554,825,0,87,432547,23615,289,159856,514491,501555
6f5133fe62b240e797bac25aeff8b531,scene-0005,singapore-onenorth,n015,39,39,Overtaken by taxi; construction site,353,0,39,145,63,0,130,358,0,17,287040,6267,64105,222573,191212,657083
7deb4760e2244f32b57f9d631b535b66,scene-0006,singapore-onenorth,n015,40,40,Sitting construction worker; parked bicycle; ped walking along road; construction vehicle; worker sitting on back of van,1364,49,0,98,46,9,310,104,0,69,781309,42,109502,744847,280655,930572
bc219c0fa63b43b4b9dddab47fce1fef,scene-0007,singapore-onenorth,n015,39,39,Van overtaking us; peds; jaywalker; bicycle rack; turn left,0,52,0,92,0,0,659,0,0,39,735136,34671,329321,165614,666149,355401
9a61a88ed9094334a73aa93c08222110,scene-0008,singapore-onenorth,n015,40,40,Several moving pedestrians; parked cards and motorcycle,0,18,0,50,0,28,448,0,0,72,260603,0,230297,279956,864108,564974
dd61533869aa48f2aaa7e8a6418bdbe6,scene-0009,singapore-onenorth,n015,40,40,Peds crossing; parked cars; garbage; peds waiting,14,9,0,75,35,14,145,2,0,47,198185,38821,96781,403184,326465,499462
daa9fce50073470398da3c2bccdaf21b,scene-0010,singapore-onenorth,n015,40,40,Parked motorcycle; person pickung up garbage; pass construction vehicles and entrance to construction site,17,0,27,38,36,22,62,26,59,113,260333,0,55939,565852,90337,1133379
c075fbdd97124beaba95bc5c25149f30,scene-0011,singapore-onenorth,n015,40,40,Turn left; pass trucks on both sides; construction workers; sleeping construction workers; garbage; parked cars,0,0,14,134,38,0,245,62,0,238,203752,0,56226,373268,223381,291924
265f002f02d447ad9074813292eef75e,scene-0012,singapore-onenorth,n015,40,40,Nature; bus stop; parked cars; bus exits from the intersection,0,0,12,67,0,0,18,0,0,0,450962,33212,67403,602769,423363,1231658
41fde20fedcd4d22ab26811688612870,scene-0013,singapore-onenorth,n015,40,40,Follow bus; parked cars; trash cans; parked bicycles; nature,0,35,40,227,0,6,2,48,0,57,372101,2557,51124,708164,264766,613038
d1e57234fd6a463d963670938f9f556e,scene-0014,singapore-onenorth,n015,40,40,Follow bus; cross intersection; nature,0,33,40,7,0,0,0,0,0,31,643271,8453,236372,1118031,236319,739527
813213458a214a39a1d1fc77fa52fa34,scene-0015,singapore-onenorth,n015,40,40,Narrow road; following bus; bus on opposite lane; parked cars,26,45,71,199,40,0,0,14,0,5,377853,472,105010,580266,365533,742955
efa5c96f05594f41a2498eb9f2e7ad99,scene-0016,singapore-onenorth,n015,40,40,Turn left; people on both sides; parked vans,0,4,0,100,0,1,844,0,0,0,341996,17485,260889,16593,827171,458127
3dd9ad3f963e4f588d75c112cbf07f56,scene-0017,singapore-onenorth,n015,40,40,Barriers; peds; arriving at busy intersection,849,0,0,222,29,11,1135,239,0,84,324911,13328,118364,227694,441004,505429
b51869782c0e464b8021eb798609f35f,scene-0018,singapore-onenorth,n015,40,40,Merge left; turn into unloading zone,796,53,0,476,37,0,1173,621,0,171,406858,16127,136146,130626,392260,497654
de943e246dad4ad686de98008a634ecf,scene-0019,singapore-onenorth,n015,40,40,Turn left; waiting peds; turn left,1148,0,26,90,40,21,849,329,0,16,400251,3741,189086,199361,540677,555971
4d475873416a4860900f5af213e0027c,scene-0020,singapore-onenorth,n015,39,39,Turn right; walking peds; pedestrian in blind spot in couple of frames; car park exit,0,24,0,116,39,0,458,78,0,0,367735,0,188903,128253,525395,377889
03ee880dd4e348f4b3407f0d073c7c70,scene-0021,singapore-onenorth,n015,40,40,Wait at intersection; jaywalkers; parking lot; parked bicycle; turn right; construction; truck,617,40,40,678,40,0,381,153,0,75,351008,0,119290,295690,202436,836807
7e3a6bdd6c6f4c8fb018cff404974446,scene-0022,singapore-onenorth,n015,40,40,Barriers; construction; lane switch; turn left,1312,58,0,120,57,0,254,252,0,21,770113,0,98519,776140,250616,1089826
d0880a386b6d434bb5cd13c134af7a3e,scene-0023,singapore-onenorth,n015,40,40,Overtake parked car; bus turning; motorcycle,40,43,27,63,39,17,293,19,0,0,196393,0,116391,486503,370236,405607
d7ebcbbd26d849b384c11bec8df28a9b,scene-0024,singapore-onenorth,n015,40,40,Intersection; peds in cafe; parked motorcycle; ped crossing,0,0,0,47,0,35,671,5,0,0,234585,2,189981,495472,692864,545112
0c601ff2bf004fccafec366b08bf29e2,scene-0025,singapore-onenorth,n015,40,40,Ped crossing street in front of ego vehicle,0,0,0,109,0,0,822,0,0,0,176914,0,115420,1917,550149,301147
b79d940da8df43d09ee972c2414ffeca,scene-0026,singapore-onenorth,n015,39,39,Parked cars; peds on the roadside,0,0,0,109,0,23,802,0,0,0,292047,5087,305248,12371,884173,540264
1d4db80d13f342aba4881b38099bc4b7,scene-0027,singapore-onenorth,n015,40,40,Delivery motorcycle turns left; veh turn right,129,11,0,179,31,18,381,5,0,0,520136,712,134895,81760,495113,316141
3a1850241080418b88dcee97c7d17ed7,scene-0028,singapore-onenorth,n015,40,40,Taxi parked on road; bicycle rack; many peds; many jaywalkers; parked bicycles; ped exiting taxi; ped crossing traffic light; lane change; peds crossing crosswalk,0,51,0,63,0,0,1205,0,0,0,789853,0,406564,237567,560508,582307
6520b5f0d568414c973f791b30ee1548,scene-0029,singapore-onenorth,n015,40,40,Waiting; peds crossing intersection,0,40,0,227,0,0,1603,0,0,0,188429,0,103282,109839,317838,386961
82aef599650d462db73731b7ff40918b,scene-0030,singapore-onenorth,n015,40,40,Two parked motorcycles; overtake,0,15,0,186,0,74,466,11,0,0,606733,0,406527,406620,573665,805371
f444b757d7e2444c889da10f02b73491,scene-0031,singapore-onenorth,n015,40,40,Construction; workers sitting on grass; garbage,133,0,0,116,0,25,240,0,0,67,456072,12607,112041,650798,154477,1271309
9047b53fd41540649dce014a128cbe1b,scene-0032,singapore-onenorth,n015,40,40,Turn left; motorcycle driving; ped sitting,0,0,0,95,0,23,15,0,0,0,716505,5720,169861,1243167,121286,1239000
6e81ee0f64274490a403bbd6482c2bf9,scene-0033,singapore-onenorth,n015,40,40,Low traffic; following bus,0,0,34,96,0,0,22,0,0,41,267229,44659,62056,1208400,135742,372211
bb73edb93a0a46c4be997c576e9beb61,scene-0034,singapore-onenorth,n015,39,39,No traffic; dead end street; overtake parked truck,0,0,9,55,0,0,0,0,0,32,403229,0,59921,741729,371187,882498
3dd2be428534403ba150a0b60abc6a0a,scene-0035,singapore-onenorth,n015,40,40,Parking lots; trash can; bump; scooter; peds; potential jaywalkers; bus stop; oncoming bus,0,48,12,611,22,17,109,57,0,129,420860,20803,82739,237108,554978,331730
5a0dd8908a3a459b83ec5eb6ac7d0f82,scene-0036,singapore-onenorth,n015,40,40,Parked bicycle; construction; peds; workers; construction vehicle; bike racks,557,34,0,149,43,3,257,432,0,51,453473,7736,111954,331218,406044,534062
2f56eb47c64f43df8902d9f88aa8a019,scene-0038,singapore-onenorth,n015,40,40,Parked construction vehicles; peds; garbage,0,14,0,40,0,45,83,79,0,138,217057,0,63071,370632,251103,286921
8edbc31083ab4fb187626e5b3c0411f7,scene-0039,singapore-onenorth,n015,40,40,Busy street; parked cars; parking lot; ped sitting at bus stop; motorcycle driving,42,67,39,453,17,40,76,67,0,29,310020,20172,69107,196459,487217,320999
359f9c029ae44e1d9d47c05bc7915561,scene-0041,singapore-onenorth,n015,40,40,Turn left; arrive at busy intersection; red light,427,22,0,102,0,0,0,95,0,81,368986,3064,94608,713165,141565,301080
c6c092a66329470f836714f46b92d59b,scene-0042,singapore-onenorth,n015,41,41,Parked cars; many peds; parked bicycles; trash can; parking lots,0,76,0,200,0,6,408,199,0,60,649882,984,118168,263821,483391,773641
70368a18644046f898ab836fc8a3c03f,scene-0043,singapore-onenorth,n015,39,39,Busy intersection; oncoming traffic; construction zone on the left,742,74,0,298,72,69,527,151,0,123,284289,1626,52920,70575,368220,354293
8758419c03ab47a59ea6d6620176f3a3,scene-0044,singapore-onenorth,n015,40,40,Truck turns; parked cars; bump; bikes,0,71,0,148,18,0,49,6,0,29,328741,52,66387,684412,362772,615420
eac3102e4cc24d4b95532bcc711a902f,scene-0045,singapore-onenorth,n015,39,39,Full parking lot; peds; exiting from car park,0,47,33,1224,0,269,201,55,0,59,314261,2742,71776,95905,770550,156909
798e8504b4364d378270333a349ef508,scene-0046,singapore-onenorth,n015,39,39,Busy intersection; ped crossing; waiting for traffic light; construction zone on the left,762,49,0,274,72,39,554,48,0,8,299806,77,72260,75573,318728,319548
4047f251c21a475abb49518e0fa6fa9e,scene-0047,singapore-onenorth,n015,40,40,Construction workers close to road; vehicle turn out; cross intersection,1155,12,6,158,39,21,396,211,0,34,444210,7539,109819,443611,392952,786191
cf550d9670274ac1a7f274fbacb39c48,scene-0048,singapore-onenorth,n015,40,40,Construction; narrow road; construction workers; heavy construction vehicles; right turn,494,8,0,143,71,11,102,198,0,40,520503,0,179663,320733,268790,706930
095d9b93b583425f910ae2afaf1d017d,scene-0049,singapore-onenorth,n015,39,39,Construction; barriers behind net; parked trucks; excavators; turn left,896,11,0,162,65,0,182,53,0,106,781076,2048,49723,779810,329382,919495
9a81caa3d5134d7f87ee4786ccef68f7,scene-0050,singapore-onenorth,n015,39,39,Narrow street; seveal peds; shadows; turn left; parked motorcycle,0,12,12,81,0,23,368,0,0,36,275196,217,266329,235496,822382,521925
0e37d4a357db4246a908cfd97d17efc6,scene-0051,singapore-onenorth,n015,39,39,Pass parked vehicles; peds; arrive at intersection,423,3,0,88,30,0,204,8,0,0,319654,67896,68584,474086,386057,499534
37b32e4e8cf846679b2c0cb342dbd4aa,scene-0052,singapore-onenorth,n015,40,40,Oncoming car in the same lane; overtake parked car; turn left,54,0,0,90,19,22,66,37,0,65,208493,442,71395,391075,118035,606231
6d4b2bd795ae4c66900ad98ccd2371a6,scene-0053,singapore-onenorth,n015,39,39,Cross intersection in group of cars; peds; bike rack,0,60,0,362,0,0,354,0,0,39,669356,14646,147050,310255,438693,466538
8b43539a55374b6c8ed60c95a42d63a2,scene-0054,singapore-onenorth,n015,39,39,Turn left; many parked heavy trucks; workers,0,12,0,112,13,47,87,67,0,273,277321,0,19470,443111,247187,271919
446af4b1d7da4735a607bc3e45c2e0b3,scene-0055,singapore-onenorth,n015,40,40,Bus stop left; parked cars right; oncoming bus,76,0,51,95,10,3,136,73,0,38,456932,0,72688,453093,357329,1340618
83773bcf46ac486383529098de0542dd,scene-0056,singapore-onenorth,n015,41,41,Peds; nature; construction; trash can; parked truck; turn right,0,0,5,139,0,1,102,0,0,66,429585,0,217496,581962,160153,1143117
433a14f8dcf5457fb2c4def5c749122a,scene-0057,singapore-onenorth,n015,39,39,Jaywalkers; parked bike and scooter; parked car on the main road,21,29,32,152,0,34,358,18,0,70,845848,3621,373792,350689,523664,695704
9a1188aba4bf458c8220818a6c0be55a,scene-0058,singapore-onenorth,n015,39,39,Construction; strange cleaning vehicle parked on our lane,814,43,0,321,50,30,131,49,0,96,394198,0,95460,414629,182864,1156188
dcd5bc29543747e28ef02816dd458290,scene-0059,singapore-onenorth,n015,41,41,Wait at intersection; bike on sidewalk; worker blowing leaves,0,41,31,104,0,41,162,0,0,50,61851,0,48473,144053,106561,398125
bb028034cb474e3da8953f83752a70a9,scene-0060,singapore-onenorth,n015,40,40,Wait at intersection; bike on sidewalk; worker blowing leaves; bicycle crossing,0,28,0,96,0,40,72,0,0,43,70357,0,65520,160761,116887,430768
cc8c0bf57f984915a77078b10eb33198,scene-0061,singapore-onenorth,n015,39,39,Parked truck; construction; intersection; turn left; following a van,1540,68,32,348,64,59,1393,1003,0,157,409855,37389,98466,173874,360021,479258
762e6aac0d6f4c1b9b0286ab4b2da654,scene-0062,boston-seaport,n008,39,39,Change lane; parked cars; overhead walkways,0,0,0,297,0,0,0,228,0,54,401425,9771,36633,0,370056,334
a8819942e8bb43b6a832c56dfb78cfc6,scene-0063,boston-seaport,n008,39,39,Exit passage; parking lot; flag; trucks; wait at intersection,0,0,0,1043,0,0,0,489,46,135,398082,3449,271455,33219,409081,307795
7ad94b6e54f641208bf59cba6bb55220,scene-0064,boston-seaport,n008,40,40,Parking lots; oncoming special electrical vehicle,0,0,0,2149,0,0,0,78,0,171,543580,10230,125505,11900,182108,235418
59530445fcc04c2090bfaf63f342f794,scene-0065,boston-seaport,n008,40,40,Wait at intersection; truck; peds; turn right; parking lot,434,0,52,963,27,0,112,43,59,148,545908,3371,97312,166844,262880,423848
30e77a3561ce4f1bb4fd90e322ea29d7,scene-0066,boston-seaport,n008,39,39,Parking lots; parked truck; construction; congestion; worker directing traffic; passing cars,0,0,77,1925,78,0,257,553,38,132,270110,0,120976,38154,273136,281727
cb0cd06a1dd84271968466d7b65e48f8,scene-0067,boston-seaport,n008,40,40,Exit construction; ped on crosswalk; construction workers; parking lot,0,0,40,826,80,0,387,914,14,220,363702,0,227272,199885,296876,645700
b0b26c1e5a1140e69598422f12ae1dc0,scene-0068,boston-seaport,n008,39,39,Two turning trucks; wait; turn left,17,0,80,1009,64,0,98,61,25,80,456389,0,147525,61239,540821,317636
a5d7cc4bf3404cccb89932d94ccb9da6,scene-0069,boston-seaport,n008,40,40,Turn left; peds near parked bus; bird,0,0,97,409,0,51,203,100,39,210,521982,212,112169,124595,331683,371817
c0cb50847c3949a0b4baf2e200ac897c,scene-0070,boston-seaport,n008,40,40,Peds; ped with bag; bus stop; parking lot; turn right; follow cyclist; trailers; turn left,0,35,15,972,31,0,143,6,224,405,598621,3675,77008,112405,278524,544263
860ef56791a947baadb27dd00bd5d4b3,scene-0071,boston-seaport,n008,40,40,Parked trucks; construction vehicles; road blocked relative to baseline route; find deviation,0,0,34,127,73,0,57,59,344,192,559477,5735,0,92,418445,3595
fbf27198b3424e28ab1de2a12eb3dc4a,scene-0072,boston-seaport,n008,40,40,Wait at intersection; running ped,198,0,0,778,0,0,222,0,40,282,354587,0,90481,96852,274327,409373
5557f4edc1464442812293e2ea90a586,scene-0073,boston-seaport,n008,40,40,Parked scooter; flock of pigeons; person sitting on top of bench; two trucks passing; turn right,0,0,0,268,0,64,377,51,96,190,445703,0,85132,132301,294287,256441
78c5f7d7b547483c906d8524a8c3190f,scene-0074,boston-seaport,n008,40,40,Wait at intersection; turn left; bike rack; parked cars; peds,0,31,0,1371,0,0,372,54,0,69,472319,0,185024,126221,483222,423902
01c3f5e39956402da3e37845632fadca,scene-0075,boston-seaport,n008,39,39,Parked cars; oncoming semi; two oncoming bikes; parked motorcycle; bike rack,0,64,0,894,0,32,170,0,28,109,516758,7491,130564,94204,558554,289221
e9a94a93c36a4adb831eb67ec8bdf289,scene-0076,boston-seaport,n008,40,40,Turn right; follow cyclist; turn right,27,37,0,870,0,32,64,74,7,37,806204,0,158614,34285,359877,430780
7365495b74464629813b41eacdb711af,scene-0092,boston-seaport,n008,40,40,Drive through passage; peds walking alongside lane,426,0,0,385,0,0,183,144,0,92,376352,13542,39136,0,398535,0
cba3ddd5c3664a43b6a08e586e094900,scene-0093,boston-seaport,n008,39,39,Turn right; parking lots; cross intersection,191,0,31,1049,0,0,82,56,0,240,604057,18437,120150,109102,161107,572706
91c071bcc1ad4fa1b555399e1cfbab79,scene-0094,boston-seaport,n008,40,40,Oncoming cyclist; cars; wait at intersection,0,17,0,469,51,0,68,62,0,68,596005,56736,127959,64139,338887,200084
b4b82c4d338a4b6d86835388ce076345,scene-0095,boston-seaport,n008,39,39,Wait at intersection; peds occluded; start driving,0,2,0,692,39,0,240,0,0,78,244954,52263,81228,21455,228085,62007
68e79a88244f447f993a72da444b29ba,scene-0096,boston-seaport,n008,39,39,Cross busy intersection; cyclist nearby; construction barriers and cones,692,31,0,502,84,0,241,312,0,139,450006,58200,128674,127841,271293,124593
2eb4d7f00e584a548aa0b899638bfb0a,scene-0097,boston-seaport,n008,39,39,Wait at red light; turns green; cross intersection,373,0,0,516,46,0,355,312,30,53,510216,42307,199780,147375,314884,183177
c65c4acf86954f8cbd53a3541a3bfa3a,scene-0098,boston-seaport,n008,39,39,Parked cars; peds; bus stop; bicycle rack; sign trailer; bicyclist; ped carrying object; bridge,90,55,13,451,0,0,142,80,33,4,406854,53417,175178,1160,258111,127762
5af9c7f124d84e7e9ac729fafa40ea01,scene-0099,boston-seaport,n008,39,39,Parked vans; switch lane; construction zone in the right; bike following in rear; passed by active motorcycle,0,39,0,796,9,27,157,729,13,111,467947,0,121056,39258,596174,34803
afd73f70ff7d46d6b772d341c08e31a5,scene-0100,boston-seaport,n008,40,40,Wait at red light; oncoming cyclist; peds; parked bicycle; parked construction car,40,110,0,458,40,0,146,872,0,120,178866,1025,32861,51159,324744,16123
01452fbfbf4543af8acdfd3e8a1ee806,scene-0101,boston-seaport,n008,40,40,Concrete mixer spinning; traffic cones; wait at red light; move onto bridge; lane change,77,33,40,522,40,0,473,1199,0,87,391628,0,86780,73895,581779,7649
ddb615d9bb22484cabc6545b632a1025,scene-0102,boston-seaport,n008,40,40,Turn right at intersection; cross bridge; many peds,0,0,81,257,0,0,1145,0,0,62,311802,0,91055,4062,416632,146760
fcbccedd61424f1b85dcbf8f897f9754,scene-0103,boston-seaport,n008,40,40,Many peds right; wait for turning car; long bike rack left; cyclist,0,30,0,970,0,27,931,39,0,38,451793,274,200332,5089,717960,128170
c525507ee2ef4c6d8bb64b0e0cf0dd32,scene-0104,boston-seaport,n008,39,39,Start car; cross intersection; skyscraper occluded by traffic light; parked bicycles; parked cars; cross intersection,0,99,20,730,0,18,868,15,0,29,340028,1054,117228,8400,674211,19628
2ed0fcbfc214478ca3b3ce013e7723ba,scene-0105,boston-seaport,n008,39,39,Parking lots; peds; parked cars; cars on elevated bridge; truck,517,0,0,2363,0,0,130,331,0,35,559915,32666,126376,1379,200018,4746
bed67ef03c4a4066a74f6c0117d512ee,scene-0106,boston-seaport,n008,40,40,Drive between buildings under construction; slow down at intersection; several traffic cones and temporary barriers,1402,0,0,672,44,39,185,517,21,136,466787,22850,54513,8238,562967,1453
3b2ee26cb8484f77895bc336663df502,scene-0107,boston-seaport,n008,40,40,Cross busy intersection; bendy bus changing lane,561,6,58,362,0,0,177,156,40,144,768840,56259,141314,64457,537601,122431
a178a1b5415f45c08d179bd2cacdf284,scene-0108,boston-seaport,n008,39,39,Construction zone; waiting for car to pass; turn right,638,27,0,436,88,0,519,211,0,106,452111,0,107957,6980,382994,237788
fb73d1a6c16147ee9416faf6b310fadb,scene-0109,boston-seaport,n008,40,40,Cross roundabout; construction vehicle; ped walking along the road side,524,0,8,311,106,0,282,268,188,277,508357,42322,98238,70360,278543,134037
d87ec0461e3f4c4ea29b0f0c0ede5167,scene-0110,boston-seaport,n008,40,40,Parked car with open bonnet; parked cars; oncoming truck; oncoming cyclists,0,14,15,590,22,0,154,28,87,247,419227,1970,111506,110540,409311,400594
a1ca2ba59ac9452fb3da60019bf32c71,scene-0120,singapore-onenorth,n015,40,40,Parked motorcycles; parking lot; wait at intersection; truck; ped very close to ego-vehicle,0,33,27,1116,0,134,189,150,0,32,337687,2637,39697,122553,759506,153936
ce2d6bdc33084dc1a2780f41f6740e06,scene-0121,singapore-onenorth,n015,40,40,Peds; follow motorcycle; motorcycle turns right,0,0,0,141,0,31,171,28,0,0,464564,18542,76170,249741,645322,181185
e6cb595f6df44b3999db28c65f2244ac,scene-0122,singapore-onenorth,n015,39,39,Fast motorcycle on street ahead; stop; parked bicycles; turn right,0,104,22,137,0,13,0,0,0,0,312414,933,79284,567612,94830,143201
cb3ef7b7ef124983b336c781f134cdfb,scene-0123,singapore-onenorth,n015,40,40,Monument; truck; peds; turn left; downhill,0,0,0,55,0,0,141,55,0,27,402529,2255,92921,529486,264433,629514
bed8426a524d45afab05b19cf02386b2,scene-0124,singapore-onenorth,n015,40,40,Many peds; parked buses; parked cars,0,66,96,344,0,31,572,179,0,43,551661,0,98030,273887,493152,497538
36fbee38a28543ea9e27a67d64e1dee4,scene-0125,singapore-onenorth,n015,40,40,Many parked cars; animal; many peds; wait at intersection,0,16,36,246,0,9,301,0,0,109,285469,8766,91041,155472,428787,199689
00590cbfa24a430a8c274b51e1c71231,scene-0126,singapore-onenorth,n015,40,40,Delayed left turn; jaywalker; parking lot; bus stops; parked bicycle; truck; turn right,0,15,0,216,0,0,216,54,0,49,357751,17160,92069,247191,545848,322429
52b30ecd104a4f4eab6f8f5684a73e56,scene-0127,singapore-onenorth,n015,40,40,Enter car park; jaywalker; parked motorcycles; pass a bus,0,4,40,1033,0,153,111,143,0,141,339486,4961,32590,123365,685438,201474
5c9bd7ead37e4aa9989f7909f3a78baa,scene-0128,singapore-onenorth,n015,40,40,Parking lot; parked scooters; parked cars; ped; cross crosswalk; bump; parked bicycle,0,17,38,784,0,29,142,48,0,50,270128,0,35293,209301,371889,237251
ef5f216134a94e308697ab4c75402a20,scene-0129,singapore-onenorth,n015,40,40,Parking lot; cross crosswalk; go over bump; construction; peds; scooter on main road,69,4,31,1337,0,6,116,108,0,3,219389,0,101038,182532,533959,513263
dc6235e2281943548084c484cb38b876,scene-0130,singapore-onenorth,n015,40,40,Peds crossing at crosswalk; drive along parked cars; ped; workers kneeling,31,16,0,1325,0,1,234,198,0,0,238904,0,79086,98631,571119,451735
8857cf15fa7049a6b000490835d3b9fc,scene-0131,singapore-onenorth,n015,40,40,Parking lot; peds,0,0,26,790,0,0,250,84,0,0,294001,4935,34116,240298,494202,364211
4f28b42169f4404cbab4b43476e13885,scene-0132,singapore-onenorth,n015,40,40,Parked cars; turn left; parked bus,0,0,32,937,0,75,0,0,0,40,326970,0,14896,143088,414625,161656
f57957ebc5654b649a0786d993b64be4,scene-0133,singapore-onenorth,n015,40,40,Drive through parking lot; stopped bus; parked scooters; parked motorcycles; peds; parked trucks; approach barrier,0,11,40,1206,0,139,109,3,0,61,353554,0,35686,76264,659910,179817
d90b94e8bfd446cd9407f48665122268,scene-0134,singapore-onenorth,n015,40,40,Approach intersection; fence; turn left; peds in sidewalk,0,95,42,509,0,0,190,228,0,44,384575,22112,107479,214733,585002,194417
4db0eee3b82d49b198c1a411cf7f7d68,scene-0135,singapore-onenorth,n015,39,39,Heavy traffic; sitting peds; parked motorcycles; 2 jaywalkers; turn right; busy intersection,223,0,11,173,0,32,444,97,0,63,334976,9011,63494,104403,415023,377935
7365754410624f2f85087003f4ed41ad,scene-0138,singapore-onenorth,n015,40,40,Bus stop; parked bicycles; bus stop; bicycle rack; peds,0,37,0,75,0,0,127,0,0,0,221094,0,39531,787801,280675,556071
01c8c59260db4a3682d7b4f8da65425e,scene-0139,singapore-onenorth,n015,40,40,Ped standing; ped sitting; two parked motorcycles on road,0,0,23,79,0,49,401,38,0,12,549211,19127,80586,210278,660123,191131
1fbcc26ebf6948bb964d3ae74939e8ea,scene-0149,singapore-onenorth,n015,40,40,Wait at intersection; turn left; bushes; bus stops; peds; parking lot,0,0,2,744,0,0,319,34,0,102,408049,16164,80727,315722,554672,370070
94f224a2a36c4bbbab59120cc6c31f6e,scene-0150,singapore-onenorth,n015,39,39,Oncoming scooter; scooters; busy intersection; walking peds,164,0,30,304,0,110,754,110,0,91,295600,6816,54847,119270,463848,375389
ba76f4185aa34ed3bff467ac640da902,scene-0151,singapore-onenorth,n015,40,40,Turn right; busy intersection; construction; peds; parked bicycles; construction vehicle; motorcycle,940,40,0,304,41,17,565,330,0,81,677856,61610,120455,244088,378555,593933
bd210a5bc7004d8c94b68cf6366612a2,scene-0152,singapore-onenorth,n015,39,39,Parked bicycles; bump; overtake parked buses; irregularly parked cars,108,39,54,160,0,0,37,43,0,122,342104,942,88838,428884,191744,600008
12cd5f88732749a58725528bb3d86958,scene-0154,singapore-onenorth,n015,39,39,Turn left; peds at restaurant; parked bicycles; autonomous vehicle; parked vehicles; passing at narrow street; taxi; ped with bag; sitting ped,0,24,0,274,0,0,300,0,0,0,173763,3304,155324,510417,491843,476429
cd1a8954ff904333bb13fa1a6ee526fd,scene-0155,singapore-onenorth,n015,39,39,Jaywalkers; turn left; stop for ped crossing; turn left; peds sitting in a restaurant,0,74,0,66,0,0,919,0,0,2,204619,6368,226517,119763,811826,564847
d0b2d916178a402a842c88f394d7d7e8,scene-0157,singapore-onenorth,n015,40,40,Passing scooter; wait at intersection; turn right,0,0,11,93,0,21,0,0,0,0,174538,0,123218,493746,90631,1001481
c0d3796765e2452d990309b2568adac5,scene-0158,singapore-onenorth,n015,40,40,Worker stopped ego car; worker removes cones; follow truck; heavy traffic; construction; peds,697,0,44,235,40,0,405,826,0,126,263962,22558,45000,229328,284514,424545
73d9a36f20594e658020ebfc5b0ba74a,scene-0159,singapore-onenorth,n015,39,39,Peds crossing crosswalk; barrier being pushed across crosswalk; turn left; peds,638,16,37,220,34,0,916,249,0,175,456459,29466,59049,209600,355591,548542
9eaabad9385b4fe1b9f397edead326ac,scene-0160,singapore-onenorth,n015,40,40,Wait for oncoming car to pass; narrow road; parked cars,0,0,0,199,0,0,441,0,0,0,125538,2930,43284,140746,137679,720315
0d2cc345342a460e94ff54748338ac22,scene-0161,boston-seaport,n008,40,40,Car overtaking; parking lot; peds; ped exiting car; objects on the ground,0,0,0,1513,0,0,197,0,0,237,174652,1877,31199,31256,305570,134458
bc4fd5a05a004333b9411754630f4cba,scene-0162,boston-seaport,n008,40,40,Leaving parking lot; parked cars; hidden ped,0,0,0,1793,0,8,77,35,0,324,345413,0,149271,113944,607292,226469
6ab3d1e9476d4cd89d4949d69d056901,scene-0163,boston-seaport,n008,40,40,Drive along street with dozens of parked cars; bicycle rack,0,0,0,1197,0,2,87,15,0,281,434390,6862,114556,58288,607436,313500
75a4ec12042542149b0a77a0a10d6330,scene-0164,boston-seaport,n008,39,39,Turn into narrow street; parked cars; parked motorcycles,0,0,0,599,0,30,0,53,0,84,851126,8427,133132,87326,438686,208955
8fbbe701baf641359129ea166e1674ec,scene-0165,boston-seaport,n008,40,40,Pass crane; truck and construction workers; long loaded truck,72,0,0,372,67,0,238,527,65,108,454058,12761,28036,0,409446,135
15e1fa06e30e438a98430cc1fd0e8a69,scene-0166,boston-seaport,n008,39,39,Leaving narrow street; many cars,0,0,0,624,94,0,48,274,50,246,561261,3147,132029,23129,440364,200350
448cf480b0b8400a86881d28c2c5f734,scene-0167,boston-seaport,n008,40,40,Pass parked trucks; sitting pedestrians; turn right,15,15,0,1125,0,0,45,14,173,87,472283,5475,95064,87610,276443,247663
bef135921f374f838bf0badae55cac83,scene-0168,boston-seaport,n008,40,40,Parking lot; peds; parked cars; parked scooters; eletronic display,72,28,0,1344,13,5,144,21,6,147,407276,0,138846,45790,391037,173239
ab6eea0e06c84f70be411a9d36636a7a,scene-0170,boston-seaport,n008,40,40,Turn left; truck parked in the middle of the street; ego vehicle coming to full stand,0,0,0,179,135,0,35,21,574,509,761515,18158,82309,71101,312240,380391
2ffd7e2a1daf4b928464ddb2ed3dca59,scene-0171,boston-seaport,n008,40,40,Densely parked trucks,0,0,0,152,49,0,50,10,548,362,597317,0,9846,9791,336830,10001
634a8c5835e44aec912604a9a1972a5d,scene-0172,boston-seaport,n008,40,40,Bus indicates turn but does not go; overtake bus,54,0,40,330,0,0,22,80,20,121,313512,988,12382,84068,424393,74681
8931a57994764c9b945a7a1b352c9ae5,scene-0173,boston-seaport,n008,40,40,Drive along road barriers,1079,0,0,825,40,0,71,154,40,83,592329,5307,73974,171031,348146,400180
fd5a3c6d3ad44954a8045edbe9d93763,scene-0174,boston-seaport,n008,40,40,Reflections; parked cars; trucks,253,0,0,821,17,18,41,32,221,360,539063,1148,102454,46451,460107,168315
7cf32f906f50415786414ce8bbe10e9b,scene-0175,boston-seaport,n008,40,40,Truck; parked vehicles; bicycle; special trailer; parked car; parked bicycle,393,27,20,793,0,0,0,0,349,376,1308133,0,145999,94759,361190,309930
c7492bdc08f8450fa580b7787331f0c9,scene-0176,boston-seaport,n008,39,39,Parked cars; extra-long bendy bus; banners; arrive at intersection; turn right; truck,0,0,78,447,1,0,15,0,0,108,471444,0,108794,146074,301024,306030
fcb40dc8514444c49b1fdc06f80a123b,scene-0177,singapore-queenstown,n015,40,40,Parking toll gate,0,0,0,66,0,0,80,0,0,0,237402,1515,72788,321628,312947,447125
f4395dd8e4004f12a8dec3079a93d804,scene-0178,singapore-queenstown,n015,39,39,Parking lot; parked motorcycles; turn right; jaywalker,0,0,26,570,0,88,154,0,0,0,480504,0,89739,480216,196277,380474
2538a745a83f430eb590d48b4743e179,scene-0179,singapore-queenstown,n015,40,40,Ped walking to the ego car; parked truck ahead; parking lot,0,35,0,391,0,8,110,0,0,113,239042,0,66383,106435,295813,234527
4431d97ea17044ad9c09c13d16684054,scene-0180,singapore-queenstown,n015,39,39,Parking lot with lots of parked cars,0,0,0,1267,0,39,66,0,0,78,536065,702,37133,201159,372010,660433
c9c28de6e66442f7921858f1ebbec3ef,scene-0181,singapore-queenstown,n015,40,40,Turn left; toll gate; oncoming bus,0,0,37,93,0,0,36,0,0,0,515150,2714,141122,530677,341011,524453
2c1f2e5096434cd78919b2ae442d4ba4,scene-0182,singapore-queenstown,n015,40,40,Peds; bus stop; taxi; narrow road; parking lot; slope,13,0,0,313,0,0,116,72,0,2,616700,609,251332,609231,273908,466668
c67b72f4a0bd4f2b96ecbd0e01c58232,scene-0183,singapore-queenstown,n015,40,40,Parked motorcycle; bike; parking driveway; parked cars,0,21,0,194,0,27,8,0,0,6,692840,977,135141,841114,604234,636749
93032908bafd484ea10a39b0d5d3fff6,scene-0184,singapore-queenstown,n015,40,40,Many trees; narrow road,0,13,0,54,0,0,5,0,0,0,308457,3,98565,77082,645069,802540
b886756c3fd641eeba9dda3932e196c0,scene-0185,singapore-queenstown,n015,40,40,Parking bay; peds; ped hesitates to cross; ego car stops; ped crossing,0,0,15,64,0,0,156,0,0,0,124754,3675,28133,30207,299228,690657
019b370afb444a2e8ce85654898307c8,scene-0187,singapore-queenstown,n015,39,39,Bump; turn right; ped attempting to walk in front of car; jaywalker,0,0,0,105,0,11,334,0,0,0,547455,0,154396,451542,318928,1126113
928ee3a8c5a84497a6360fe70a4e921e,scene-0188,singapore-queenstown,n015,32,32,Ego vehicle starts; many peds; parked bicycles; bus stop,0,85,1,199,0,3,530,0,0,0,240779,6014,116700,427928,157004,438208
c04cdbbe744c4da08d3df61c47d5cc94,scene-0190,singapore-onenorth,n015,40,40,Nature; wait for traffic light,0,0,0,156,0,0,51,0,0,61,205685,0,75473,830383,159427,847219
f9e460f092c94466b1211704b5a8859d,scene-0191,singapore-onenorth,n015,40,40,Turn left; parking lot,0,0,0,271,0,0,14,0,0,15,329426,0,173776,432126,213071,1224362
1fa63d31aaa7459383b4414715cd12db,scene-0192,singapore-onenorth,n015,40,40,Stopped for cars at T-junction; jaywalker; turn left,0,0,0,486,0,0,120,0,0,72,355736,0,169296,333276,267473,761924
2ce2df158372461fa91ce77455656f81,scene-0193,singapore-onenorth,n015,40,40,Vegetation; parking lot; turning cars,347,0,0,378,53,75,0,14,0,82,313369,24173,134087,186976,294644,579240
04061484361145f5ac6f90a5103b84a6,scene-0194,singapore-onenorth,n015,40,40,Parked car starts to move; two bicycles lying in grass; construction zone; speed reduce; peds,492,55,21,271,111,6,264,321,0,22,303377,0,126951,359892,261575,577924
b487d499e93e44caaf6c3dc884225fa2,scene-0195,singapore-onenorth,n015,40,40,Narrow road; bus; reduce speed for stopped car; peds,0,0,34,196,0,0,81,0,0,31,301519,0,203847,421078,185280,919491
6bb64043c9db4f51b7a69e7260ed4f6e,scene-0196,singapore-onenorth,n015,40,40,Nature; cross intersection; bus; bus stop; truck turning,0,0,37,83,0,0,10,0,0,25,392053,9941,91694,1179658,178784,550329
c324de94562d41498a2d4b7d51c5ce78,scene-0199,boston-seaport,n008,40,40,Parked cars; ped,0,0,0,485,0,21,22,44,0,5,369496,0,71845,0,269422,65
670e01eb31b64b509db5290531254203,scene-0200,boston-seaport,n008,39,39,Parked cars; parking lot,0,0,6,2268,0,0,0,28,46,168,489753,4448,135835,5235,174240,229372
53c92676ef334011bd4689494ac11fa0,scene-0202,boston-seaport,n008,39,39,Parked cars; jaywalker; peds; parked bicycle,279,38,18,487,0,0,378,0,0,154,491602,22325,159026,329738,169950,949888
8e1f7ff7dc9940da8eeca3c06ae1aa4d,scene-0203,boston-seaport,n008,40,40,Construction; bus; turn right; crane; parked cars; ped crossing crosswalk; ped with backpack; parking lot,439,0,37,995,7,0,300,1,69,178,370694,0,167719,173343,261272,430055
5e30d846d2344ec2addfb664799d1899,scene-0204,boston-seaport,n008,39,39,Parked cars; peds in sidewalk; narrow road,0,13,0,1694,0,4,390,13,0,30,350242,0,133232,57847,382132,157023
fc61f52dcc1b4def95a278665d23af00,scene-0206,boston-seaport,n008,39,39,Parked cars; peds; ped with luggage,31,0,0,1189,13,0,338,59,0,54,358303,0,131228,60983,552423,298674
210add02013a4dfa84b7c5e23058781f,scene-0207,boston-seaport,n008,40,40,Heavy veh; peds; stopped by a truck,18,0,0,580,19,0,93,9,62,191,358605,432,81960,49289,534100,340926
1959c8f440a340fda3ea2cac0ac528ec,scene-0208,boston-seaport,n008,40,40,Stopped at stop line,78,0,0,859,0,0,365,0,241,271,289280,0,106794,89546,271138,421150
875e9b8b63b54263ba1edeb21faadea8,scene-0209,boston-seaport,n008,39,39,Heavy vehicles; container,0,0,0,152,44,0,22,15,514,271,715352,9036,12439,17194,339345,101240
2e3c0f308fcf4664bf7994053d7080b9,scene-0210,boston-seaport,n008,40,40,Parked vehicles; construction vehicle; container; peds; excavator; cranes; parking lot; turn left; worker sitting on trunk of pickup truck,263,0,0,430,196,0,124,101,6,82,332831,0,11596,15801,493444,23351
ed22649f50454a6ab71356780b2a2454,scene-0211,boston-seaport,n008,39,39,Parked cars; construction area; construction vehicles,615,0,0,502,300,0,237,140,0,148,302509,4242,7548,262020,549498,53145
1ecfbad2023f4b17b542801a21375e3f,scene-0212,boston-seaport,n008,40,40,Parked cars; oncoming heavy veh,48,0,0,772,0,43,97,184,279,404,554197,0,81488,27798,530167,95616
69295e26c8d146de94ea5307d8d74819,scene-0213,boston-seaport,n008,39,39,Jaywalkers; peds; approaching intersection,0,0,0,463,0,20,523,35,0,167,410515,0,89204,93552,275626,233772
2bbff07f5b4248eab483ddcf91cfa848,scene-0214,boston-seaport,n008,39,39,Parked truck; ped; sitting peds; parked cars; overtake at t junction,0,13,0,1295,27,14,173,0,0,151,393404,10,114127,103785,557025,197113
febc1800b9ed432d96aee5ecf0156831,scene-0218,boston-seaport,n008,40,40,Parking lot; walking peds; close-up peds; not moving,0,0,0,1273,0,0,572,0,0,80,124336,0,1256,13397,278603,105086
bc8f2774ff4946d3965a807a6aa1b64f,scene-0219,boston-seaport,n008,39,39,Stopped at t junction; parked cars; cars,0,0,0,1380,0,0,366,0,0,284,171809,0,81215,74592,438812,180165
81227a12571240e0b9d537165f57e177,scene-0220,boston-seaport,n008,40,40,Parking lot; parked bikes in bike rack; peds,0,33,11,1242,0,31,414,17,0,181,379424,0,128630,116322,672275,239486
acc29386502047339e1ec6b9c7e512d2,scene-0221,singapore-onenorth,n015,39,39,Pedestrian crossing; stopped vehicle,14,0,39,245,0,0,144,0,0,72,281111,0,140577,341873,209738,797929
129304d659464b0fb3a51c99eaec114a,scene-0222,boston-seaport,n008,40,40,Jaywalkers; traffic police; sitting jaywalkers; parked car and peds,30,11,76,912,12,6,582,36,14,256,380267,94,232451,151103,440860,519926
60111bb5388f4195b98555d4d4b89618,scene-0224,boston-seaport,n008,39,39,Peds crossing crosswalk; arrive at intersection; barrier; ped with backpack; heavy truck,638,0,0,227,0,0,102,72,57,136,222678,5587,54934,274255,169249,692250
eae0cfe3be5f44a5be4f3e2c961397ed,scene-0225,boston-seaport,n008,40,40,Wait at intersection; construction; peds crossing crosswalk; turn right; parking lot,226,0,0,485,0,0,160,80,40,205,274731,6937,104851,150688,128616,589272
7ad327c8827849ed91136bb2d04acec9,scene-0226,boston-seaport,n008,40,40,Heavy veh; turning heavy veh,0,0,0,705,0,0,62,2,36,114,310844,27888,92675,21379,165130,333588
87a71839e68b46da8e91fb5f21b50c1c,scene-0227,boston-seaport,n008,39,39,Heavy traffic flow; stopped at red light,380,0,39,678,0,0,316,0,87,203,421597,44589,120237,22180,261321,62952
aad7d3bf3c7a47ad9cb93d9b92ed38ee,scene-0228,boston-seaport,n008,40,40,Many parked cars; sign trailer; crane; bicyclist on sidewalk; bike rack,160,39,34,419,49,0,204,78,40,11,389415,44564,191078,1163,256718,173363
2755560e05784e5cbc76619793d36e86,scene-0229,boston-seaport,n008,40,40,Many parked cars; delivery van; peds; bicyclist; bridge; bus; truck,0,16,15,798,0,0,146,28,0,131,392858,53110,108277,0,199935,59026
d91c7213cd1c48ae86a30bd82fc4fd25,scene-0230,boston-seaport,n008,40,40,Parked cars; construction zone,0,0,6,979,80,0,315,578,25,98,356844,32686,85808,11873,237772,104502
52678e6091214431bf9f3b41e5eeaa24,scene-0231,boston-seaport,n008,40,40,Wait at stop line; peds crossing crosswalk; construction; excavator,0,0,0,795,120,0,564,915,0,0,204210,30184,45381,26233,308977,192823
7599adab7f3944dc8ac1c88b4f3bb082,scene-0232,boston-seaport,n008,40,40,Wait at stop line; bicycle riding inside construction zone,791,61,0,530,0,0,803,1166,40,149,231673,0,64448,46758,385739,6213
9e7d5adad1514dd79292e9318b7a443c,scene-0233,boston-seaport,n008,40,40,A number of pedestrians crossing; pedestrian with suitcase,0,0,69,603,0,0,1532,169,40,165,139666,890,62438,0,262308,161320
0053e9c440a94c1b84bd9c4223efc4b0,scene-0234,boston-seaport,n008,40,40,Truck; light turns green; peds; parked cars; right turn,95,0,59,714,0,0,1404,83,80,217,528200,19112,268059,4740,373698,386363
fb3aaad97849430cbc32891319c9be10,scene-0235,boston-seaport,n008,39,39,Parked cars; stopped behind the truck; peds; ped on wheelchair,0,0,27,591,0,0,1418,0,0,110,255916,280,197570,5505,284662,481640
2ba06ef7b3b44cbfad6d771981d86af9,scene-0236,boston-seaport,n008,40,40,Peds; congestion; parked cars,0,12,24,605,0,24,2599,41,9,103,442427,0,243559,2199,669609,108919
22daa579e9d54040b3f76a4eeef3a587,scene-0237,boston-seaport,n008,39,39,Overtake heavy truck; stopped at intersection,0,8,0,680,0,0,1135,2,64,65,208063,0,64828,0,458002,23894
724957e51f464a9aa64a16458443786d,scene-0238,boston-seaport,n008,40,40,Many peds; ped with pet; stopped bicycle; truck; cross intersection; car makes a u-turn; lane changing; peds crossing crosswalk; parked bicycle,0,110,0,754,0,19,1657,5,40,80,246934,0,114004,4869,593787,18566
1977a1c98a6c4eb79fbc2a6dc0da9b0f,scene-0239,boston-seaport,n008,40,40,Peds waiting to cross the road; peds crossing; close-up peds,0,100,0,479,0,40,1828,0,40,178,132229,0,59965,203,431804,4172
d865cb18632040fdb4cb06b6e3331cdb,scene-0240,boston-seaport,n008,39,39,Peds crossing road; overtake cars; truck passing by,0,52,0,456,0,33,1701,6,0,153,255515,0,106122,16401,502279,15906
dc9ef63b61394d3d8effeb51919f2144,scene-0241,boston-seaport,n008,40,40,Overtake large truck; peds; parked bicycle,0,51,0,684,0,0,1755,27,78,201,320374,0,100705,6513,695113,11355
19f47b8941094af29b8db20b255717fc,scene-0242,boston-seaport,n008,40,40,Heavy vehs; waiting at intersection for red light; cyclist,594,40,9,705,0,0,208,41,115,168,138531,6003,38344,85374,127462,486725
28e4134bcd664522907277f1ceec2893,scene-0243,boston-seaport,n008,40,40,Semi truck; stopped at red light,0,0,0,520,0,0,248,0,57,285,410945,43850,121709,34646,308172,93117
c9d654d4279c4efa9745a25ba6b373ee,scene-0244,boston-seaport,n008,40,40,Ped walking; stopped at red light,727,0,53,229,0,0,1242,199,0,40,250794,30645,123922,3055,257343,225553
bcb05cffb5814973a6cff4fbdca2b99b,scene-0245,boston-seaport,n008,39,39,Parked cars; peds; bridge; car overtaking ego vehicle; high speed; construction sign board; construction,0,0,3,968,0,0,709,85,0,0,403531,54253,87291,0,174017,41202
d1ac8e27ba8944a4a42a488cf2fedd74,scene-0246,boston-seaport,n008,40,40,Traffic cones; overtake parked car; Construction zone in right; peds crossing,6,9,0,635,2,34,716,813,13,0,396001,20477,117800,38761,371524,194557
93bdbe60d6d0495cbb39d6c811554905,scene-0247,boston-seaport,n008,39,39,Construction vehicle; cone; lots of barriers; construction zone; cluster of pedestrians,1208,54,22,290,74,0,1209,1575,0,114,448164,420,79369,95648,655471,0
36b7b02f0f034f0595e3437a85554151,scene-0248,boston-seaport,n008,40,40,Wait at intersection; many peds,117,0,0,367,0,0,1817,84,0,198,180617,9441,44988,4288,283243,153895
35ecd252b8ee4cbc83376148e192a803,scene-0249,boston-seaport,n008,40,40,Many peds; ped crossing road; parked cars,0,0,0,470,45,0,1636,330,19,120,389306,7306,250380,1697,321869,537129
892ed06c432448fe87ecb5d31756f14a,scene-0250,boston-seaport,n008,40,40,Peds crossing road; bridge,0,8,128,286,19,0,1359,73,0,115,291477,0,70262,2966,421626,131411
75ebb308bea04317adbc25554d5cd7f5,scene-0251,boston-seaport,n008,40,40,Cars; peds; bicycle; heavy traffic,0,61,0,1273,0,33,1298,20,0,114,294071,0,109290,4606,638360,121632
7ca5e90766dc4b7bb6a9b3b0d95c99da,scene-0252,boston-seaport,n008,40,40,Many peds; parked bicycles; jaywalkers; arrive at intersection; cars,20,47,11,554,0,14,1473,23,0,136,309757,163,86452,0,677755,6912
7d6006ae9d8f406aa99756156ea4f70a,scene-0253,boston-seaport,n008,40,40,Moving cars; parked cars; heavy traffic,81,0,0,2267,0,24,197,427,0,607,486365,50127,107479,0,165001,4213
55c853d5aab04850a8059dc95e62c2ad,scene-0254,boston-seaport,n008,40,40,Parked cars; long corridor; parking lot; flag; arrive at intersection,0,0,40,525,0,0,0,281,0,47,561295,27669,72825,43153,480593,194972
6207269cb9474c14b01f9610b2ee30aa,scene-0255,boston-seaport,n008,40,40,Parking lot; turn left,0,9,40,1930,0,0,241,53,36,0,532031,7212,200863,244071,384810,537873
4959ccdac5774a088d0c9e10667f09f1,scene-0256,boston-seaport,n008,39,39,Pass by a jaywalker; parked car; stopped at red light,365,0,25,107,91,0,39,124,4,140,210761,8316,44619,246448,148278,555463
b0be2e24e2234947867c7f555f6f59d2,scene-0257,boston-seaport,n008,40,40,Wait at intersection; heavy trucks; bicyclist,0,18,0,510,0,0,39,0,115,295,200592,36188,60826,1299,95513,294698
aa45d94630be481787f20121ce89a605,scene-0258,boston-seaport,n008,40,40,Parked cars; cone; active cars; construction vehicle,359,14,0,684,51,0,85,539,16,154,454910,32425,110120,21606,267506,104747
5e270cfc71714e2bb94bad445c6159a4,scene-0259,boston-seaport,n008,40,40,Busy intersection; tram bus; construction sign board; many peds; turn right; parked cars,97,0,44,737,0,0,1208,123,0,38,587601,10839,288844,5422,364603,437903
3d42cd90a8184d9ebd3bb85b6416314d,scene-0260,boston-seaport,n008,40,40,Waiting at red light; in front of turning cars; active bicycle in the right,0,135,0,625,0,0,293,0,0,118,143622,0,56834,0,349894,26976
14b96c255dee4a838a8d401302ac2852,scene-0261,boston-seaport,n008,40,40,Ped mending a bus; lots of barriers,866,0,101,418,39,0,117,300,30,72,510474,34243,176108,82524,450132,313651
d654cae175de44319ace178994ed0329,scene-0262,boston-seaport,n008,40,40,Peds crossing; turn right; construction,870,0,27,426,114,36,410,209,0,61,467803,203,144266,35374,447352,253732
cffc45a1565446fab5014afb3da169e8,scene-0263,boston-seaport,n008,40,40,Turning heavy truck; parked cars,2,0,0,582,5,0,33,84,87,307,482345,655,97869,133409,299800,416018
9833ac6de5ae418f9e6d0eeb58e72beb,scene-0264,boston-seaport,n008,40,40,Parked cars; parked bicycles,0,33,0,1267,0,51,170,14,0,115,502301,0,145749,127558,585366,268742
c3ab8ee2c1a54068a72d7eb4cf22e43d,scene-0268,singapore-onenorth,n015,39,39,Construction zone; stopped at red light; parked cars,0,53,0,448,39,14,173,18,0,0,398743,11956,104951,301523,423646,194093
9f1f69646d644e35be4fe0122a8b91ef,scene-0269,singapore-onenorth,n015,40,40,Parked bicycles; peds sitting outside the restaurant; parked scooter,32,129,0,170,30,27,713,57,0,10,235440,1325,138831,215922,315359,819375
2ca15f59d656489a8b1a0be4d9bead4e,scene-0270,singapore-onenorth,n015,40,40,Peds; pedestrian walk on the roadside; motorcycles,357,0,0,644,26,82,355,8,0,40,328933,0,85534,291501,189503,915474
8180a1dbbba3479bb0c7f4ff6e9a3f0e,scene-0271,singapore-onenorth,n015,39,39,Overtake parked car; parked bicycle,0,77,24,137,0,39,76,0,0,0,257934,0,209412,477987,465047,428654
080a52cb8f59489b9cddc7b721808088,scene-0272,singapore-onenorth,n015,39,39,Stopped for oncoming car; motorcycle,0,54,0,154,0,39,149,0,0,0,349071,4053,206855,655065,404769,740359
1aa633b683174280b243e0a9a7ad9171,scene-0273,singapore-onenorth,n015,39,39,Barriers; peds loading car trunk; luggage on sidewalk; parked bicycles; lane change,559,48,0,162,0,0,107,0,0,0,320222,0,169089,382593,272321,759067
9709626638f5406f9f773348150d02fd,scene-0274,singapore-onenorth,n015,40,40,Peds; construction zone; construction workers; barriers; cars; jaywalker,1096,18,78,119,40,32,1128,344,0,19,322315,36926,134881,251645,482996,629452
8377abf77f464a9cb62eacf63f383422,scene-0275,singapore-onenorth,n015,40,40,Peds; bus; barriers; stopped at intersection,792,6,40,335,0,27,849,72,0,0,385776,21324,105369,210216,310843,542978
201b7c65a61f4bc1a2333ea90ba9a932,scene-0276,singapore-onenorth,n015,40,40,Intersection; peds; cars; scooter; parked bicycle,604,13,64,358,63,128,1802,221,0,36,414779,20119,66191,128182,403477,495010
848ac962547c4508b8f3b0fcc8d53270,scene-0277,singapore-onenorth,n015,40,40,Jaywalker; peds; parked bike,0,41,0,416,0,5,1160,36,0,20,296495,16633,101032,183126,527065,307112
91f797db8fb34ae5b32ba85eecae47c9,scene-0278,singapore-onenorth,n015,40,40,Motorcycle suddenly rushes out; truck; peds,0,0,0,512,0,40,313,43,0,162,370331,14127,71321,319141,488240,342312
2d8e61ea27fd419ba9b708488e3f2f10,scene-0283,boston-seaport,n008,40,40,Parking lot; right turn; approach policeman handling traffic,34,0,0,1781,0,0,110,59,0,502,790707,0,184456,164312,172612,678531
4284a8d9b40d42edb9725543db91381e,scene-0284,boston-seaport,n008,39,39,Police lets us pass; left turn; ped stand beside the parked car; parking lot,0,0,0,1201,26,0,146,13,0,111,497454,1286,190230,147215,451923,416060
26540bfbab79463cb1ba76b52ec6013b,scene-0285,boston-seaport,n008,40,40,Cross intersection; construction; barriers; construction worker walking along the barriers,1321,0,0,659,75,0,121,82,37,145,388264,6852,88481,154172,250754,286168
363bb6c0fdaf465aa54c39f082bb92c6,scene-0286,boston-seaport,n008,40,40,Wait at intersection; turn right; follow and overtake truck and bus,195,0,40,931,20,0,38,99,141,234,546308,21461,93232,106542,163609,522135
ab8bf18dfce14db4b8213b88f5dc1429,scene-0287,boston-seaport,n008,40,40,Overtake heavy truck; stopped motorcycle; parking lot; peds; arrive at intersection,12,0,17,647,24,8,77,19,107,236,567577,64440,163706,41613,320108,191370
5ab815cbcfee494499e41151890d6d8f,scene-0288,boston-seaport,n008,40,40,Ped crossing; crane crossing intersection; two big trucks moving; moving construction vehicle,0,0,0,395,0,0,200,0,103,151,317233,44199,109144,4475,252617,51922
9a442b0f6b7a41568b3e4f7b7ba58402,scene-0289,boston-seaport,n008,40,40,Dense traffic; car overtaking us; digital traffic sign; parked cars; bike rack,250,0,0,445,1,0,211,187,29,39,503558,52193,193272,1620,256795,94818
bd850592cd2541288b177b8e20baa31e,scene-0290,boston-seaport,n008,40,40,Light turns green at busy intersection; big street; parked cars,0,0,10,692,0,0,170,39,0,79,392336,45254,125904,48,258368,168970
59ff984c3143486da7d2c4ffec023b36,scene-0291,boston-seaport,n008,39,39,Big street; construction; SUV overtaking,217,0,13,849,29,10,45,614,30,36,389541,37212,78169,30959,213860,99974
7ef04cdbd04c4b67a22f59502cb8fac6,scene-0292,boston-seaport,n008,40,40,Lane change; construction,0,0,0,341,58,10,329,1263,0,106,497407,255,127347,85393,635575,16119
6308d6d934074a028fc3145eedf3e65f,scene-0293,boston-seaport,n008,40,40,Construction; parked cars,1390,0,21,293,52,0,414,1170,19,172,384318,7088,44615,154878,647827,0
5c2fc0a595c9435cb08e30700c63f9e9,scene-0294,boston-seaport,n008,39,39,Bridge; skateboarder; wheelchair; peds; truck; arrive at intersection; parked cars,0,0,6,246,25,0,509,54,0,101,322553,29673,68951,0,329590,107446
63252988084b4943a50734990c47e039,scene-0295,boston-seaport,n008,40,40,Wait at intersection; cars and trucks coming from both sides,40,14,40,480,40,0,829,193,0,91,121163,6545,53905,3809,263547,148085
1a819a84e3494177b47bea8c7f0770ec,scene-0296,boston-seaport,n008,40,40,Wait at intersection; cyclist crossing intersection,38,80,40,421,0,0,891,172,0,69,380219,6966,135864,747,305906,224167
3bc4553925494890a21ef7a15c40eaed,scene-0297,boston-seaport,n008,39,39,Right turn; peds crossing; cross intersection; cyclist,39,68,57,711,78,0,626,107,0,65,434962,15904,245154,7353,350851,345213
84f4c0747550493f959595dae6785cd3,scene-0298,boston-seaport,n008,39,39,Turn right; cross bridge; peds,12,0,39,396,0,0,529,0,0,49,449006,63,212553,2790,383910,364014
7f8714d8ca814914bf4ff3ed30123db5,scene-0299,boston-seaport,n008,40,40,Cross bridge; peds; ban; parked bicycle,0,14,40,254,0,17,1001,26,0,8,429657,0,159234,103,515182,46788
da783af4b5124333911684dbaf31d969,scene-0300,boston-seaport,n008,40,40,Bike rack; peds walking; parked cars; jaywalker,0,41,40,1096,0,66,692,51,0,120,331299,360,107172,4347,665897,97464
85a9c262809d4ac49d2a9b1f8a1487e8,scene-0301,boston-seaport,n008,40,40,Arrive at intersection; ped loading car trunk; ped with dog crossing crosswalk; bus,0,0,40,416,0,0,245,0,0,60,184599,0,59831,0,382591,21876
c6da5920d2bc459bb3bc51ee6b9fdd7e,scene-0302,boston-seaport,n008,40,40,Huge parking lot; dense traffic,512,0,40,2081,0,25,128,346,0,340,536057,38071,136216,506,237469,9032
9a0d2af517ff44f587c93254ee657215,scene-0303,boston-seaport,n008,40,40,Cross intersection; construction; large group of cones,1356,0,40,141,18,0,222,879,0,141,387471,16989,32532,21574,875466,36
f123185f3bb64faebc08d4453aec2659,scene-0304,boston-seaport,n008,39,39,Cross intersection; turning truck; parked truck,403,0,28,472,23,0,57,212,126,296,662984,53840,166854,76517,503729,118729
8c7dfcee70754286959b80c6cfe2d246,scene-0305,boston-seaport,n008,40,40,Barriers; parked cars,1196,0,0,313,14,0,105,257,80,156,302475,9130,94993,29689,473373,362832
7540f31d12f1439db67a50be7726c70d,scene-0306,boston-seaport,n008,40,40,Parked cars; bicyclist waiting in the middle of the intersection,227,35,0,621,0,58,394,207,100,210,460558,19503,240486,44220,461394,766966
dbe2eceb3e4649289366f674c2ba4274,scene-0315,singapore-queenstown,n015,39,39,Peds; bus stop; oncoming cars; parked lot; bump; slope,0,0,0,407,0,0,46,109,0,0,667171,1220,261112,633197,288866,511729
c74a3a7265ae45f99f65628fbd7cd2a4,scene-0316,singapore-queenstown,n015,39,39,Parked bicycles; ped; cars at opp lane,0,80,38,79,0,0,172,0,0,32,418235,8704,155825,716317,175023,722998
fc9068b303e448a6bbcefd37204386a9,scene-0317,singapore-queenstown,n015,39,39,Bus drops off passenger; overtake bus; peds; bus at roundabout; jaywalker,0,15,89,72,0,0,691,0,0,0,257654,0,59160,145397,336291,608917
4b48dfc43a3f411b88a71031d77e5696,scene-0318,singapore-queenstown,n015,39,39,Buses; overtake bus; peds; motorcycles,0,0,78,129,0,27,413,0,0,14,240051,7053,133999,398119,407343,453687
69ee276c40644ddbb7fe21c613cd7689,scene-0321,boston-seaport,n008,40,40,Ped; heavy traffic flow; peds; parked car,447,35,40,361,0,0,262,210,15,79,478579,39472,182119,48383,295791,100075
53484b9d012842bb98719a9d12b038ca,scene-0323,boston-seaport,n008,40,40,Several peds crossing road at crosswalk,40,33,31,383,0,0,2090,40,40,102,200792,0,104827,0,248054,199232
13c6a31ab85547b08dab2544024553a8,scene-0324,boston-seaport,n008,40,40,Parked cars; cones; reduce speed for traffic light,598,0,0,2175,0,0,55,372,0,144,579162,42307,95141,0,176367,981
cc9d6954dc6448359fc1e8aeafc5f760,scene-0328,boston-seaport,n008,39,39,Jaywalker; parked cars; right turn; right turn,121,0,0,1051,0,65,72,17,40,135,704465,0,135124,44545,337781,425088
5eaff323af5b4df4b864dbd433aeb75c,scene-0329,boston-seaport,n008,39,39,Parked trucks; parked cars; avoid parked truck; ped; turn right,261,0,0,678,0,0,39,92,145,431,385228,0,112789,155316,269829,257968
3927699fa562451a98bb13bf8405361d,scene-0330,boston-seaport,n008,39,39,Ped walking along the road; bus stops with waiting passenger; dense parked cars at the left,0,0,17,346,0,0,123,47,12,129,454035,3682,107731,106393,322069,337929
9d1307e95c524ca4a51e03087bd57c29,scene-0331,boston-seaport,n008,39,39,Heavy truck; container; turn left,0,0,11,811,38,0,75,33,576,328,619154,18612,84553,68703,177271,486422
93608f0d57794ba6b014314c488e2b4a,scene-0332,boston-seaport,n008,40,40,Peds crossing; parked cars,0,32,0,1270,0,16,324,5,0,171,393094,0,118262,84784,559097,296754
6d872d1448814fd189e631b1187c3771,scene-0344,singapore-onenorth,n015,40,40,Wait at intersection; construction; bus; scooter,1021,0,40,272,39,34,637,433,0,29,170133,0,30494,67196,249491,294183
fcc020250f884397965ba00c1d9ad9e6,scene-0345,singapore-onenorth,n015,39,39,Cross the intersection; construction; scooter; turn right; parked buses; navigated through traffic cones,1245,12,70,449,30,17,567,787,0,42,573346,53682,74917,241365,363418,592085
a499ee875da34e2b9655afb999edb8a9,scene-0346,singapore-onenorth,n015,40,40,Cross intersection; scooter; nature; peds crossing,0,19,0,111,0,19,97,0,0,29,401280,0,137619,618290,57727,1084144
af128e79b77a4a4b8bfcd997c320b2a9,scene-0347,singapore-onenorth,n015,39,39,Avoid parked cars; lane change; stop at intersection; ped,0,26,0,116,0,9,482,28,0,20,455807,13705,148451,207935,535638,159228
566311b8201e416f9f99463656dcadce,scene-0348,singapore-onenorth,n015,40,40,Turn right; bus; peds; narrow street,42,40,22,359,0,0,350,67,0,50,497916,4171,160610,397390,473815,401992
c24317a5c0cb4f5c9fd31740eb1152f2,scene-0349,singapore-onenorth,n015,39,39,Cones; parked car blocking ego vehicle; wait and overtake,0,6,0,94,0,0,99,218,0,0,174506,0,160463,271198,293497,705352
d825d5544592463e8c138473502dfeea,scene-0350,singapore-onenorth,n015,39,39,Nature; parked truck; peds; peds with luggage; sitting ped; parked bicycles; bridge; taxi; concrete truck; turn left; stopped truck,0,50,20,80,0,0,298,42,0,80,378950,209,355894,582005,435153,539088
a99120daccb24bcd941b33e6e03bf718,scene-0351,singapore-onenorth,n015,40,40,Turn left; parked bus; concrete truck; turn left,721,0,40,56,24,0,48,34,0,120,197232,1816,107153,530781,65663,1753631
1d914f73a4a243c3acac50d24f083aac,scene-0352,singapore-onenorth,n015,40,40,Follow concrete truck; construction; traffic cones on the opposite side of the road,2759,0,11,112,60,0,238,161,33,52,313021,0,165093,396130,255847,960364
6746ba640c0e45c7961efbe6af51757e,scene-0353,singapore-onenorth,n015,39,39,Start at intersection; cross intersection; construction; parked bicycle; stop at intersection,393,58,0,266,101,9,140,37,0,81,348397,1776,152206,255465,234017,673580
312102fd97de4bd4859374946e24ccdc,scene-0354,singapore-onenorth,n015,39,39,Start at intersection; truck; bus; construction zone; parked bicycle,992,12,20,122,31,0,305,58,0,179,358403,22885,134017,248801,263383,959211
2f093cad7209436aa06e103bfe062857,scene-0355,singapore-onenorth,n015,39,39,Construction worker; construction; blocking us; then giving sign to start,1220,0,48,595,78,0,2163,872,0,51,215329,8936,109726,163125,296042,402075
7bcc4753bdb64d2cb407b55cc4e4527f,scene-0356,singapore-onenorth,n015,39,39,Arrive at intersection; construction; digger turning; peds crossing; bus,1573,0,51,549,39,65,589,616,0,214,255783,14671,96184,153033,246186,500766
f0294478e1994642bac453f1e84610df,scene-0357,singapore-onenorth,n015,41,41,Wait at intersection; digger turning; peds; construction; worker putting down cones,1608,0,0,641,41,40,1088,880,0,70,178439,10292,106853,39682,208396,418457
2121cc12888e47ce856dc5391f202594,scene-0358,singapore-onenorth,n015,40,40,Wait at intersection; construction; heavy vehicle reversing; several peds waiting for crossing,1603,0,29,377,80,50,1146,964,0,115,205771,6588,48017,96424,199977,392659
2987b4494fcc4639bdd6d714a94b2c72,scene-0359,singapore-onenorth,n015,40,40,Bus stop; parked bicycle; sparsely populated with peds; parking lot,0,117,0,410,16,0,432,111,0,60,371730,19765,78118,224182,510477,277191
cf10376382b74af1975be86f7190df20,scene-0360,singapore-onenorth,n015,40,40,Parking lot; worker cleaning; garbage; traffic cones; knocked over traffic cone,21,9,6,1580,0,0,139,244,0,12,213694,533,109291,116750,539093,442288
212b65c558254e2084489bf76e371e1a,scene-0361,singapore-onenorth,n015,40,40,Parking lot; turn left; cone,0,0,77,742,0,0,167,167,0,15,226591,0,47828,208549,463761,401540
4098aaf3c7074e7d87285e2fc95369e0,scene-0362,singapore-onenorth,n015,40,40,Ped; parking lot; parked scooter; turn left,0,0,0,842,0,65,103,43,0,28,289447,0,24196,165816,397570,185901
88084e0150d64dd1949a9cf1493e5188,scene-0363,singapore-onenorth,n015,41,41,Turn right; oncoming scooter; parked trucks,0,83,35,82,0,0,113,12,0,111,383630,17019,119573,306043,518394,295175
f13bd38bf9b64d579a63d4e7d750f592,scene-0364,singapore-onenorth,n015,40,40,Followed by scooter; peds; bus stop; parked trucks; bus stop; parked bicycles; bicyclist,0,105,17,313,0,94,136,47,0,120,331690,276,91119,91970,562004,278812
8dd4349e80c345afac455cf76074f028,scene-0365,singapore-onenorth,n015,40,40,Jaywalker; offloading truck; parked bicycle,0,59,4,195,0,15,226,136,0,153,611167,153,137378,293395,536044,524518
792b78f6cbcf413c821cb591630cddfb,scene-0366,singapore-onenorth,n015,40,40,Weirdly stopped car; turn right at intersection; ped crossing,0,40,14,179,0,0,300,0,0,66,515557,14678,127935,249693,494840,454960
4ea72ee843914a6cbd755e39f2489156,scene-0367,singapore-onenorth,n015,40,40,Buses; turn right,0,0,15,0,0,0,0,0,0,65,276371,1398,47313,1229896,116155,456207
54cdaaae372d421fa4734d66f51a8c48,scene-0368,singapore-onenorth,n015,40,40,Arrive at busy intersection,955,0,0,349,11,0,25,150,0,119,426220,6596,99311,419557,166149,187954
a1b51c02d8414856a86c0c37e4789c2f,scene-0369,singapore-onenorth,n015,40,40,Start at busy intersection; turn right; multiple scooters crossing,418,0,69,187,0,134,0,59,0,65,762705,33063,95640,416493,215456,133676
105c227c304b4cb18e98a5be6b2d8302,scene-0370,singapore-onenorth,n015,40,40,Parked truck; cones; sitting peds; peds; chicken on the road,0,80,4,369,0,47,200,197,0,95,457975,0,112129,172755,515631,477948
17302a41218442ffbb0b094adb0669ab,scene-0371,singapore-onenorth,n015,40,40,Peds; parked bus; oncoming scooter; parked bicycles; parked trucks; buses; wait at intersection,0,52,73,84,0,11,133,0,0,108,272401,9537,107168,159517,444222,216552
b68cfa7e0bd64bd395fd922d750cfdd2,scene-0372,singapore-onenorth,n015,40,40,Turn left; peds; parked bicycle; bus stop,0,40,0,489,0,0,179,208,0,133,324730,15136,81150,211395,567566,317560
10dfdae842b543938a230f25a1e9f934,scene-0373,singapore-onenorth,n015,40,40,Parking lot; peds; construction; a car doing reverse parking,140,0,0,1525,0,0,188,74,0,52,181278,33657,26706,86004,442439,390099
7463b2d752f0464f803b07a945ee7c5a,scene-0374,singapore-onenorth,n015,41,41,Parking lot; vehicle reverses into parking spot,205,0,0,1419,0,0,119,78,0,34,106188,6060,2337,80640,288826,372216
28d385e6db0e495da3a606b58e2432f0,scene-0375,singapore-onenorth,n015,40,40,Parking lot; turn right; peds,17,0,0,1074,0,0,299,67,0,0,221635,9414,40194,239526,496157,471093
f05ec45554f842ccb523caf326750f13,scene-0376,singapore-onenorth,n015,41,41,Parking lot; peds; oncoming scooter,0,105,0,842,28,28,189,127,0,104,438158,0,85703,254133,596777,354640
0cc28fe2c1064fb9a51f1647c28ca564,scene-0377,singapore-onenorth,n015,40,40,Lane change; cyclist on side walk; construction; left turn,477,158,0,169,0,0,179,68,0,40,454762,3773,188153,328557,435964,532819
fdf4384c1fce4a16aad939d8417bccd6,scene-0378,singapore-onenorth,n015,40,40,Construction zone; excavator; workers; nature; parked buses; ped,222,23,74,48,27,0,194,204,0,66,379740,371,93078,426758,275356,457556
90d616aaefc4429380388205ebb23398,scene-0379,singapore-onenorth,n015,39,39,Parked cars; tricycle; narrow road; overtake; sitting peds; passed by electric vehicle,0,44,0,57,0,36,316,0,0,0,193973,0,158643,417838,417540,493820
1c89941a6935484182ca19eddcd3bc77,scene-0380,singapore-onenorth,n015,41,41,Parked cars; give way for oncoming vehicle,0,5,0,175,0,0,103,0,0,0,137482,1532,76219,477094,201598,471567
eba4b7c19b5f48289e105937d03e5222,scene-0381,singapore-onenorth,n015,40,40,Ped crossing; peds; construction; parked bicycles; turn right,1161,105,0,138,33,0,351,60,0,64,329022,39,76269,427992,231045,971856
2dc89e0f9c6c4dbab908d341fab020c6,scene-0382,singapore-onenorth,n015,40,40,Turn left; parking lot; peds; parked motorcycles,0,8,0,2150,0,283,48,6,0,21,336389,262,49290,83840,631945,171105
e0a22086a94f48e5bbd4c4e7916b2106,scene-0383,singapore-onenorth,n015,40,40,Peds sitting; turn left; parked bicycle; jaywalker,0,77,0,31,0,0,433,0,0,0,256574,5702,236360,523875,703996,513146
25f40f7316954a3e978e24d691e1a117,scene-0384,singapore-onenorth,n015,40,40,Pass vehicles; turn right; person getting off scooter,0,0,0,0,0,36,122,0,0,64,223295,0,139583,621553,90269,999939
d0de3bf834b747179080898725b0f21d,scene-0385,singapore-onenorth,n015,40,40,Turn left; construction; peds; parked bicycle; turn left,918,22,0,244,37,16,171,265,0,30,458086,43496,73958,249597,394175,544860
11058d54abcd4829828523040372ce05,scene-0386,singapore-onenorth,n015,40,40,Start at intersection; turn right; scooter; peds,0,0,65,76,0,34,38,0,0,21,355964,0,153097,584203,52829,1296522
3359935281a34136992997acab7cdddd,scene-0388,boston-seaport,n008,41,41,Cross intersection; bridge; arrive at intersection,0,0,0,558,41,0,29,210,41,123,540083,79841,190924,15730,355602,155887
a5887dd5d6d947e4af581b915716d51c,scene-0389,boston-seaport,n008,40,40,Go straight; parked cars; dense traffic; bicycle rack; truck with empty trailer,0,40,0,778,0,0,209,0,13,170,438880,6755,214310,72926,371252,412873
6295f0119c5c44d8a75e0016517a172d,scene-0390,boston-seaport,n008,40,40,Go straight; parked cars; bendy bus,0,0,40,858,62,0,409,75,27,180,338229,10121,176649,24347,281243,274465
ed97ee6a3b444ba7800641baab057556,scene-0391,boston-seaport,n008,40,40,Go straight; two bicycles; turn right; two bendy busses,8,48,76,569,57,0,117,71,189,571,494763,0,125912,43036,299576,146785
d987908d74794138b07d1237887bb441,scene-0392,boston-seaport,n008,40,40,Cross intersection; bicyclist crossing; school bus; bicycle rack; jaywalker; peds; parked scooter,258,21,40,318,14,9,61,46,22,617,444840,70,203662,109852,403891,320757
62696ecd66a3445da436ce2d87ee3501,scene-0393,boston-seaport,n008,40,40,Turn right; reflections; parked cars,0,0,43,402,0,7,154,13,63,63,432708,0,192350,54816,418104,327870
181bf34123514c329e2cef72847607a4,scene-0394,boston-seaport,n008,40,40,Parked cars; jaywalker,36,0,0,1262,0,0,173,8,0,95,461802,0,80744,2396,476832,84182
dbfd4af0e0d744858e796ec69826e673,scene-0395,boston-seaport,n008,40,40,Ped walking dog; peds; parking lot; truck; parked motorcycle,0,15,0,1368,0,31,185,0,0,58,414543,0,152023,24650,353630,444631
fab5dcdfa43b4cce99da3ddf6718cc2a,scene-0396,boston-seaport,n008,40,40,Parked cars; parking lot; peds,0,0,0,1886,0,0,225,4,0,17,385438,0,132428,31292,227525,428274
fd2d419d4cf84a2d84922b9b7d2cea4d,scene-0397,boston-seaport,n008,40,40,Stroller; peds; dense traffic; turn left,0,4,0,1023,0,74,562,0,0,172,300375,0,82673,7792,501789,148699
b519ec833e23450a8bd3340b67f2516b,scene-0398,boston-seaport,n008,41,41,Very dense traffic; congestion; overtake car; peds,0,31,62,876,0,55,213,0,0,130,229035,0,67108,0,594257,25056
36349e9caeff483e9d8d25e9743b9f5b,scene-0399,singapore-hollandvillage,n015,41,41,Wait at highway-like intersection; many cars; motorcycle; trash cans,0,0,41,1155,0,13,0,59,0,115,280701,11768,35240,44515,282571,506406
9f5f2211d6f943a89dd87bbe9703539d,scene-0400,singapore-hollandvillage,n015,40,40,Wait at highway-like intersection; many cars; truck,0,0,40,721,0,0,0,40,0,69,252611,15713,20065,36006,263943,499238
ced236f5da704cbcb41249bb6ecc8b68,scene-0401,singapore-hollandvillage,n015,40,40,Turn right; residential area; construction; narrow road; motorcycle,85,7,25,421,8,12,13,91,0,84,703479,5303,114564,139525,448702,812153
1847e3fc11ab466d95f82e6c7031f33d,scene-0402,singapore-hollandvillage,n015,40,40,Residential area; many cars on the opposite lane; garbage bins,0,6,0,242,0,0,3,0,0,43,608188,0,102846,159099,631770,535945
f2e4460c1fd149ec8068626837f20013,scene-0403,singapore-hollandvillage,n015,41,41,Residential area; parked bike; rubbish bins; sitting peds; motorcycle,11,42,0,119,0,9,77,0,0,33,389706,3114,118523,452641,507834,649044
295c6c85275e4376bc8446b4a76504cd,scene-0405,singapore-hollandvillage,n015,40,40,Residential area; turn right; cross intersection; parked bike; lot of trash bins,0,31,0,144,0,8,68,0,0,43,377819,28345,134318,588160,377282,819396
83ffc453d209404781ea4574d77adb22,scene-0406,singapore-hollandvillage,n015,40,40,Residential area; many trash cans; jaywalker; ped with bags; parked scooter; parked vehicles,0,5,0,138,0,0,24,0,0,34,277171,0,110259,75057,599302,536683
c34206e65a1442828b950b0ca52098b7,scene-0407,singapore-hollandvillage,n015,40,40,Residential area; taxi turn right; rubbish bins (pushable pullable objects); parked bicycles; parked cars,0,17,0,159,0,82,62,10,0,40,235947,0,66147,124644,618467,635773
268099669c954f429087081530094337,scene-0408,singapore-hollandvillage,n015,41,41,Residential area; narrow road; overtake stopped car; peds; parked trucks,0,0,0,130,0,0,79,0,0,122,191541,0,117487,59999,575231,545404
5c6620829a1f492b8482218670aa0541,scene-0410,singapore-hollandvillage,n015,40,40,Residential area; bicycle; bump,0,30,0,52,0,13,0,26,0,24,277101,0,63298,89971,733432,539782
ceca737af78440118b7b394a54723454,scene-0411,singapore-hollandvillage,n015,41,41,Residential area; parked bike; rubbish bins,0,48,0,136,0,0,1,17,0,0,319618,61,26364,80624,753755,596473
055a607b74e04001adef097225a8661a,scene-0412,singapore-hollandvillage,n015,41,41,Residential area; rubbish bins; ped holds umbrella,0,28,0,79,0,0,62,0,0,30,286796,311,83839,171691,602764,668368
5035adcd18d34d4783c2ccb41db998c1,scene-0413,singapore-hollandvillage,n015,41,41,Nature; trash cans; narrow road; bump; cross intersection; barricade; construction; parked bicycle; trash bags; van turning,119,23,0,114,0,0,0,89,0,1,314299,3411,83599,184152,578017,690599
05d5241d4d5a4c2a9c670dc8c9853c74,scene-0414,singapore-hollandvillage,n015,41,41,Residential area; turn right; parked bike; narrow road; oncoming vehicle; trash cans,177,23,0,124,0,0,0,22,0,14,204312,435,87731,156126,312234,918646
3be5ff913abf449bac92ce2d2a4cffa0,scene-0415,singapore-hollandvillage,n015,40,40,Residential area; movable trash cans; nature; van turn left; ped,0,0,0,68,0,0,27,0,0,9,226383,0,84117,72510,294118,873214
bd916d78cb3149999182fb3ce4eb8a8d,scene-0416,singapore-hollandvillage,n015,41,41,Nature; garbage bins; driving uphill on narrow road; peds; oncoming car,0,0,0,25,0,0,27,0,0,12,623932,0,59074,134726,350726,1086497
4b5bf3f4668d44fea9a676e9c4a8a79e,scene-0417,singapore-hollandvillage,n015,40,40,Nature; overtake parked van; rubbish bins,0,0,0,59,0,0,28,8,0,3,186320,0,6409,118118,236443,714370
b526c20f7eed49f0886cdb4ba6b733e8,scene-0418,singapore-hollandvillage,n015,41,41,Nature; construction worker,0,0,0,16,0,0,82,315,0,69,170192,0,23379,100892,364179,846578
8c84164e752a4ab69d039a07c898f7af,scene-0419,singapore-hollandvillage,n015,41,41,Residential area; trash cans; stroller; arrive at intersection,15,40,0,111,0,0,26,39,0,11,338095,2,97914,47826,530401,546323
c7b8d96173bf41dc8df8c0d16adfc71e,scene-0420,singapore-queenstown,n015,41,41,Exit parking lot; turn left; peds; parked bicycle; arrive at intersection,0,0,41,1313,0,55,206,0,0,35,609166,0,39586,436767,256391,973352
fb255bba9b6a4f37a8894e336d2136f1,scene-0421,singapore-queenstown,n015,41,41,Gate; peds at sidewalk; following by a bus; slope,0,0,47,212,0,18,192,0,0,0,388742,2783,116845,376063,313960,406798
9ac6dff089a84a6d8f066122443a10db,scene-0422,singapore-queenstown,n015,40,40,Buses; overtake stopped car; peds; arrive at intersection,0,0,76,115,0,0,417,0,0,10,576834,0,187991,644451,369669,791831
47cfdbcf14fe47d2a3b9e7e5b46d8a36,scene-0423,singapore-queenstown,n015,41,41,Many peds; peds walking in street; turn left; parking lot,0,0,40,723,0,5,830,15,0,26,467508,7333,171328,354303,234841,620680
4deb245e67374cd88e64d6557b652841,scene-0424,singapore-queenstown,n015,41,41,Bump; peds; bus; turn left,0,0,23,444,0,0,247,120,0,15,626715,0,240392,656601,238981,566361
48ff8fee13c344ed843af3eec8f9b94b,scene-0425,singapore-queenstown,n015,41,41,Turn left; scooter; turn left; bus with advertising,0,74,12,186,0,24,230,0,0,9,385986,14,149310,275794,469758,871024
034256c9639044f98da7562ef3de3646,scene-0426,singapore-queenstown,n015,41,41,Bus; unloading van; peds; parking lot; parked bicycles,0,24,46,415,0,11,236,0,0,15,579480,654,225299,444037,511702,691617
88abbe4f3b37466791b2ae58490044d9,scene-0427,singapore-queenstown,n015,41,41,Parking lot; many peds; bump; buses; congestion,0,0,96,452,0,8,691,0,0,21,134931,7826,109267,329802,475589,199565
240d15482599449a9bd0432fbfa688ab,scene-0428,singapore-queenstown,n015,41,41,Avoid congestion; drive uphill; barriers; peds in sidewalk,39,0,99,409,0,20,166,0,0,0,1067568,756,307590,1029633,365847,1074263
9c83e438973e4824853e6a38928ca4ff,scene-0429,singapore-queenstown,n015,40,40,Half-open parking garage; parked scooters; oncoming scooter; parked car; peds; barricade,133,4,0,627,20,86,44,12,0,36,530416,4516,198977,338926,786545,762367
d1455a9d8add42dba52beac59a67259c,scene-0430,singapore-queenstown,n015,41,41,Nature; garbage,24,0,0,103,0,0,40,0,0,0,254431,0,80945,254764,487565,774118
c8e6213038884d05907b1edd7e55552e,scene-0431,singapore-queenstown,n015,41,41,Nature; low traffic; ped; parked scooters; closed road; cars,0,0,20,137,0,62,89,96,0,22,342649,21,80633,199217,500937,699007
d4c560022dda448dabb0b60fb62dd6ba,scene-0432,singapore-queenstown,n015,40,40,Nature; parking bay; bus stop; many peds; oncoming scooter; bump,0,0,33,138,0,23,422,0,0,36,266649,0,103185,155342,607224,552282
f8ef029224b84d14843db98a76a7f4a1,scene-0433,singapore-queenstown,n015,41,41,Unusual buildings; ped; slope; low traffic,0,0,0,60,0,8,14,0,0,0,493849,25,156698,380055,615377,305671
e0a212aafd574781b122a6ba66599a1e,scene-0434,singapore-queenstown,n015,41,41,Unusual buildings; crosswalk; bump; low traffic,0,0,0,42,0,0,0,19,0,0,372082,0,166389,149722,609620,398927
e2d9a52b37bd4b63b913777ef77b2d4f,scene-0435,singapore-queenstown,n015,40,40,Unusual buildings; slope; turn right; peds; parking lot; parked cars,0,0,0,240,0,8,94,61,0,2,853123,10788,235885,365828,370072,1049901
773e6b4f990f4044bed5ea7036ea7c3b,scene-0436,singapore-queenstown,n015,40,40,Turn left; scooter; arrive at intersection,0,0,24,475,0,14,98,0,0,49,450669,1411,84529,341297,235540,660712
2a721a8d80e04e4e82709e6150f5196a,scene-0437,singapore-queenstown,n015,40,40,Low traffic; cross intersection; crosswalk; truck; bus,66,0,8,14,0,0,16,26,0,19,317513,18934,110662,137034,420846,642739
5af1f9db65e04747aa3ca8364037c49b,scene-0438,singapore-queenstown,n015,41,41,Peds; bus stop; barriers,85,0,32,28,0,0,138,1,0,5,417001,19112,152566,100082,512847,827082
261e8288cf5647e396ab584e210e4ba1,scene-0439,singapore-queenstown,n015,41,41,Parking lot; peds; parked bicycle,29,4,0,340,21,106,75,61,0,37,929488,64758,315005,394945,373200,942075
64e1ad8a976542ab86c427d714550d06,scene-0440,boston-seaport,n008,41,41,Rain; small crane; parking lot,0,0,0,861,24,0,6,277,0,179,386056,1794,53986,2394,519624,160346
93481c2504474ca0b21d4abbab2cf3cf,scene-0441,boston-seaport,n008,40,40,Rain; cross intersection; lane change; parking lot,0,0,0,2508,0,0,0,103,0,329,323997,10744,81710,4159,201087,320628
e54f4a36a8b94aebbe4189186dee8f05,scene-0442,boston-seaport,n008,41,41,Rain; parked truck trailers; parked cars,0,22,0,725,0,6,0,196,153,340,301627,1588,70732,5778,233200,69073
6193fac132614eb1a09dcbf3f359460f,scene-0443,boston-seaport,n008,41,41,Rain; crane; parking lot; overtake stopped vehicle; ped,225,0,0,1142,75,0,28,12,0,214,163934,0,83294,78533,265386,279844
a2e3c0a763c04e56a5e26611eb69395b,scene-0444,boston-seaport,n008,41,41,Rain; parked vehicles; parking lot; bendy bus,0,4,50,1316,13,18,0,44,0,202,254996,3,110517,61004,380146,135558
bed12977df5a41dcb97ac69eeae3682c,scene-0445,boston-seaport,n008,40,40,Rain; parking lot,32,0,43,953,25,41,115,4,16,276,267119,4228,155174,247370,398524,586631
ae643c14ded14e6ea74f8c8605200ed1,scene-0446,boston-seaport,n008,41,41,Rain; turn left; turn left,13,0,0,790,0,0,177,63,0,82,467307,0,173440,165438,469020,485912
e757a98aa8794d448f65f5966b8ac954,scene-0447,boston-seaport,n008,40,40,Rain; parking lot; turn left,31,0,0,942,0,0,0,40,577,614,359849,45136,72762,66626,188447,521273
2575c1870ede486b8568279b4731e47e,scene-0448,boston-seaport,n008,41,41,Rain; parked trailers; parked trucks; fence; excavator; barriers; parked cars,279,0,0,108,33,0,10,51,617,238,375589,0,6006,11163,407898,66173
e3d714da71d2477695a055716ede7130,scene-0449,boston-seaport,n008,41,41,Rain; parking lot; turn left; barriers; traffic cones,350,0,3,453,28,0,0,343,43,225,259660,0,8321,6463,444407,31227
0ced08ea43754420a23b2fbec667a763,scene-0450,boston-seaport,n008,40,40,Rain; parking lot; many trucks; peds,163,0,0,620,41,0,126,41,357,417,342711,0,37723,23806,512683,69556
9f3c8453d03d4df5946444757376b826,scene-0451,boston-seaport,n008,40,40,Rain; turn right; truck,57,0,0,644,11,0,0,0,142,127,293704,2741,102195,95683,456127,458359
f69f7b4cefb7493bb1a8185f6f01d137,scene-0452,boston-seaport,n008,40,40,Rain; wet ground; bendy bus; parked car,0,0,54,472,0,0,31,30,70,258,295298,0,94032,111535,299498,298002
e0b14a8e11994763acba690bbcc3f56a,scene-0453,boston-seaport,n008,41,41,Rain; turn right; truck,0,0,0,1032,0,84,19,27,38,89,205745,0,100367,123119,330266,533291
b0c4f9a7680142d8add66f69e5f20ecb,scene-0454,boston-seaport,n008,40,40,Rain; turn left; bike rack; parking lot,0,0,30,1362,25,9,277,43,42,113,257075,0,135481,119070,603593,361189
df0c3cb16cde410eba8eea191765515c,scene-0455,boston-seaport,n008,41,41,Rain; bus; jaywalker; parking lot; parked bicycle; peds; bicycle rack,0,26,34,1583,0,0,571,62,15,476,282448,32928,67095,79513,549839,344268
97ba0e14805b42f292db7f06b6d1121b,scene-0456,boston-seaport,n008,41,41,Rain; parking lot; bicycle rack; turn right; crane,0,20,0,1178,36,36,172,25,39,351,349789,0,98882,40488,447063,566125
96a410b8fe5e4b57bf69b844bfd4d28c,scene-0457,boston-seaport,n008,41,41,Rain; turn right; parking lot; wait at intersection,20,0,0,2039,0,0,118,45,24,252,438198,10225,150512,213705,161745,623011
634e7fbfe29c4a72b1ceb692b1d2ab44,scene-0458,boston-seaport,n008,41,41,Rain; turn left; bus stop; parked cars,0,15,0,1547,0,0,136,58,0,39,331831,0,183819,132136,439543,401933
2c96ff6afc9e4cf7bc8b107fce955c1f,scene-0459,boston-seaport,n008,41,41,Rain; parking lot; crane,607,0,0,1304,174,0,73,68,0,184,353446,0,73108,132804,284383,274496
4a4d09496d594c7385a1ec227bdb3a7f,scene-0461,boston-seaport,n008,41,41,Rain; turn right; heavy truck with empty trailer,227,0,0,730,36,0,0,82,18,152,371017,9784,92637,132758,222336,609179
36e3167610cc48eabcaad06a72479ac7,scene-0462,boston-seaport,n008,41,41,Rain; cross intersection; parking lot; construction vehicle,57,0,0,730,64,0,20,115,6,290,314710,57690,147005,89144,328673,345459
48ba943c3d19463a81281bf6a7078eac,scene-0463,boston-seaport,n008,40,40,Rain; FedEx truck loaded on trailer; true cone loaded on a van; arrive at intersection; parked cars; several active trucks,410,0,0,355,0,0,57,0,106,157,237415,56877,126494,33121,275145,72595
b0644660d7864451bfc4b3432bb5b47e,scene-0464,boston-seaport,n008,41,41,Rain; wait at intersection; ped crossing; towed car,369,0,0,538,0,0,114,0,41,193,148489,39996,55495,11272,214434,37284
64a3a2d22172406c848f2a92275808ba,scene-0465,boston-seaport,n008,41,41,Rain; start at intersection; wet ground; traffic cone loaded on a truck; car overtaking us,419,23,0,306,0,0,35,260,0,147,332121,54554,94288,21808,281855,131559
453453c849304ad69741891946d46453,scene-0467,boston-seaport,n008,40,40,Rain; wait at intersection; flipped cone; construction; digger; ped,280,0,8,283,40,0,26,723,0,40,64989,9264,36880,0,197869,126950
4efde86424ea4088a43faeb5158ceabf,scene-0468,boston-seaport,n008,41,41,Rain; wait at intersection; flipped cone; truck,530,0,0,241,41,0,42,152,0,41,127088,31780,62468,10787,207271,167438
1e3f0bd8063a4084b7104345b20bfb80,scene-0469,boston-seaport,n008,40,40,Rain; truck; cross intersection; ped; parked cars; bicyclist; sign trailer; bicycle rack,249,35,0,653,0,0,37,170,45,30,342319,49904,152520,0,248067,109501
010fb5bcc7984d0f8f07f99e02366df1,scene-0471,boston-seaport,n008,40,40,Rain; parked cars; construction,200,0,0,606,108,15,137,1002,0,49,325589,45259,93903,3559,238645,101805
54ec146682e24683becfeab4124e8402,scene-0472,boston-seaport,n008,40,40,Rain; construction; wheel barrows,100,0,0,367,58,0,137,1665,0,71,323586,89136,73970,19555,619489,29402
ab40eb69df49448d83628f611b2ca273,scene-0474,boston-seaport,n008,40,40,Rain; start at intersection; bridge; railing,801,0,0,427,16,0,586,339,0,23,234928,6967,57285,14273,475494,756
8b60e7e47cde43e0a7fbd66d926de14f,scene-0475,boston-seaport,n008,41,41,Rain; bridge; peds shrinking due to raindrops; turn right,64,0,0,490,21,0,798,5,0,40,429816,5096,209502,0,386049,466535
f29904c2bcdc4d78bbcac75a2b30fe38,scene-0476,boston-seaport,n008,41,41,Rain; turn right; peds; bridge; peds with umbrellas,0,0,40,523,0,0,325,19,0,145,356139,0,148344,3350,398072,329806
c7780850596641b8ab5f352d16b178e4,scene-0477,boston-seaport,n008,41,41,Rain; bridge; peds crossing; peds sidewalk stroller; wet ground,0,9,0,136,0,0,868,25,0,12,243963,0,35150,0,471444,23853
69e393da7cb54eb6bea7927a2af0d1ee,scene-0478,boston-seaport,n008,40,40,Rain; waiting traffic light; oncoming bicyclist; bike rack; peds; reflections,0,31,40,344,0,0,924,69,0,0,295605,0,163029,0,584993,80144
5fc7c5dfc56b4971b14005bc53f69908,scene-0479,boston-seaport,n008,41,41,Rain; many peds; jaywalker; bicycle rack; parked cars,0,2,0,1173,0,3,674,36,0,129,255947,0,96264,2440,618382,98428
5c76a3728b8b4d02ae20bd69fb928aa1,scene-0480,boston-seaport,n008,40,40,Rain; parked cars; bicycle; parking lot,0,39,40,1596,0,0,247,286,0,254,353977,13679,115131,3327,502953,9324
a6daedc3063b421cb3a05019e545f925,scene-0499,boston-seaport,n008,40,40,Construction zone; workers; parking lot; park motorcycle,144,0,0,762,42,42,236,138,58,330,499901,1412,94611,35914,1021609,30568
1ec0b9bc3eca4b76b2610c519f843762,scene-0500,boston-seaport,n008,40,40,Left turn; large truck turns right; parked vehicles; parking lot; peds,591,27,0,1503,0,119,432,118,20,418,424649,6643,270786,6408,438264,280922
c59fe8015e3743329ec907bc29c93124,scene-0501,boston-seaport,n008,39,39,Parked vehicles; right bend; parked truck; jaywalkers; sitting peds,334,79,0,337,0,0,460,61,0,31,266627,91037,204046,43922,762807,64614
20ec831deb0f44e397497198cbe5a97c,scene-0502,boston-seaport,n008,41,41,Parked truck; right turn; jaywalkers; bike rack; arrive at intersection,193,17,0,300,40,15,193,46,0,28,268664,0,231690,0,658976,244769
27dc2edfb6524c7d8997ac3573ed2f3d,scene-0504,boston-seaport,n008,39,39,Construction zone; cross intersection; peds crossing crosswalk; oncoming bus at intersection; parked car entering the road; sign trailer; bridge,322,0,39,741,0,0,813,144,41,146,348745,21348,206282,0,642607,182748
8399be3e75814cc793d145986318c45d,scene-0505,boston-seaport,n008,40,40,Passing under flyover; pedestrians in sidewalk; oncoming truck,0,5,6,684,0,0,417,28,26,85,404989,25695,256539,230,560876,205725
19dce2ebc7bd4f138aea6d645a4afec7,scene-0506,boston-seaport,n008,40,40,Oncoming bus; pedestrians,0,8,24,1072,0,0,248,0,0,128,455335,109,266791,39922,354570,559385
aee27b55da77468ba444357348f5cf88,scene-0507,boston-seaport,n008,41,41,Parked cars; peds; construction zone; oncoming truck; peds walking on road,535,30,0,761,66,21,333,189,19,203,418196,1546,164505,4656,526933,282342
862a468e56954dc9a833a9eb3ebd884b,scene-0508,boston-seaport,n008,41,41,Construction zone; roundabout junction,829,19,0,426,57,36,393,164,146,154,478465,27380,95362,48953,311510,53415
7809330e0345423ab6212787edf3561b,scene-0509,boston-seaport,n008,40,40,Multi-storey carpark; oncoming truck; parked truck; parked motorcycle,0,0,0,640,13,13,50,14,108,264,414648,0,91675,109058,380459,369797
ccf96ecd7161425ba7c5b5dbad79b600,scene-0510,boston-seaport,n008,41,41,Turn left; parking lot; bicycle rack; ped; parked bicycles; pedestrians,0,0,0,1395,0,37,188,48,60,102,454515,0,185479,127845,572136,389154
2bd47eabb64d4499862388cec180a7d1,scene-0511,boston-seaport,n008,41,41,Car attempting to park; peds; parked motorcycle; parked bicycles; parking lot; ped picking up object on road; parked scooter; parked trucks; bicycle rack,0,0,0,1746,4,58,302,2,39,265,465765,0,97958,86725,555627,353562
befb96098dc14988ac468a6bd3cbd4a0,scene-0512,boston-seaport,n008,40,40,Right bend; parked motorcyle; parked bicycles; parked truck; parking lot,41,9,0,1584,39,89,25,4,32,255,642706,0,117031,34848,373523,488577
e333874a12d64a7d956f23fe6a4c5c62,scene-0513,boston-seaport,n008,40,40,Right bend; construction vehicles; an array of advertisement boards; big trash bins,315,0,0,513,59,12,32,68,0,88,414007,858,114524,26108,339090,162742
49eb09ab4c4142268131125d6e619a0c,scene-0514,boston-seaport,n008,40,40,Waiting to turn left; oncoming traffic; parking lot; peds,948,0,0,1101,0,0,96,1154,0,40,376537,32906,68577,11801,289953,8428
02f1e5e2fc544798aad223f5ae5e8440,scene-0515,boston-seaport,n008,41,41,Parking lot; construction zone,221,0,0,625,67,0,2,318,27,219,620887,4299,91314,26443,938980,15720
55638ae3a8b34572aef756ee7fbce0df,scene-0517,boston-seaport,n008,40,40,Construction zone; constructing vehicles; pedestrian; parking lot,407,42,24,455,58,12,259,143,65,42,333071,22486,176414,55252,538573,145707
1c76efe7d0b048bc815c0445eeaa76ab,scene-0518,boston-seaport,n008,41,41,Parking lot; peds; parked motorcyle; bicycle racks; oncoming traffic; turn left; car exiting parking lot; car being unloaded,757,6,21,1813,0,80,580,13,0,102,459175,0,225019,12494,471001,329517
b07358651c604e2d83da7c4d4755de73,scene-0519,boston-seaport,n008,41,41,Passing under flyover; oncoming truck; pedestrians; parked cars,153,8,9,701,81,0,856,145,23,264,411206,28422,239385,452,648170,188329
26a6b03c8e2f4e6692f174a7074e54ff,scene-0520,boston-seaport,n008,41,41,Pedestrian; parked vehicles,53,3,0,887,0,0,344,201,33,424,422415,13691,245054,7081,423568,376803
4962cb207a824e57bd10a2af49354b16,scene-0521,boston-seaport,n008,40,40,Parking lot; ped; parked bicycle; peds crossing crosswalk,0,69,0,1118,10,0,176,3,5,269,372234,0,265445,44150,457161,433529
2abb3f3517c64446a5768df5665da49d,scene-0522,boston-seaport,n008,40,40,Parked bicycle; pedestrian; parked cars; cyclist; construction zone,511,52,13,669,42,17,282,75,0,220,411212,494,150876,13436,490369,200913
d7bacba9119840f78f3c804134ceece0,scene-0523,boston-seaport,n008,40,40,Oncoming bus; parked car on center divider; pedestrian; roundabout; parked trucks,632,28,14,796,40,19,84,164,440,287,459405,35711,100233,82250,307808,175647
6a24a80e2ea3493c81f5fdb9fe78c28a,scene-0524,boston-seaport,n008,41,41,Parking lot; parked truck; pedestrian; oncoming truck,129,0,0,1078,12,0,22,0,163,334,482131,250,114283,114349,434442,472442
d6e6f5d622474271b695f4c7f07df7bb,scene-0525,boston-seaport,n008,40,40,Turn right; parking lot; peds waiting; parked cars,0,0,0,2549,0,5,67,0,0,170,665765,1780,98702,55525,275677,113759
827712f3e79340d8878de0202c5b3960,scene-0526,boston-seaport,n008,41,41,Parking lot; wide biaising for parked cars; pedestrian,26,0,0,1769,0,0,5,0,217,87,667438,0,89535,2792,155188,111325
44f25e0b668e4077abf57f3df320bb57,scene-0527,boston-seaport,n008,41,41,Parking lot; lorry containers; pedestrian and dog; large truck,94,0,0,1160,0,0,15,19,430,445,648864,0,79192,47512,198440,160028
da41ecbc644b4915b84bb732e35ebf8c,scene-0528,boston-seaport,n008,40,40,Avoiding large truck with oncoming car; garbage bins; trucks,0,0,0,234,2,0,0,1,140,342,363431,30517,45651,38998,236639,1095
77b27e26bf6d4c38859ccfa076cee51d,scene-0529,boston-seaport,n008,41,41,Parked cars; parking lot,0,0,0,868,0,0,14,0,21,80,338355,937,77321,97743,336255,268127
4f18d9a7ed374a0fb93c026589dcf9a0,scene-0530,boston-seaport,n008,41,41,Parked cars; parking lot; container; stop at intersection,19,0,0,683,0,0,27,0,202,142,347920,1563,77034,7127,214504,217570
37a37b06ba5e4f978fc6cb77e90f2498,scene-0531,boston-seaport,n008,41,41,Turn right; oncoming traffic; parking lot parked trucks; containers,46,0,0,653,5,0,10,1,211,690,532448,0,81068,5274,382356,144477
8c45a7a9142f4f848d463cc46843db71,scene-0532,boston-seaport,n008,40,40,Many trash cans; wait at intersection; parked heavy trucks; bicyclist crossing the road,0,16,0,355,120,0,14,0,83,387,296489,0,75705,3865,183775,51899
0c12123d57594f4d81d32fd4aa89fb1f,scene-0533,boston-seaport,n008,40,40,Parked cars; pedestrian; animal,0,0,0,1217,78,0,104,36,0,88,262878,0,96613,5901,330269,127418
82024d9f5f7f46dba436cd93c27173c7,scene-0534,boston-seaport,n008,41,41,Parked cars; pedestrian; parked truck; moving forklift; construction zone; warehouse; pedestrian inside the truck container,141,0,0,834,150,0,102,19,132,136,266458,0,70376,155135,473931,166707
7b4a37ecca84421fbc22ad15e8b00ed8,scene-0535,boston-seaport,n008,41,41,Construction zones; construction vehicle; stopped at the intersection,12,0,0,337,38,0,0,124,0,17,615281,51955,110998,0,502623,199924
6b80170cd8404e6298d353bf1fa8dc0c,scene-0536,boston-seaport,n008,40,40,Turning right at intersection; narrow path; cars; pedestrian,270,0,0,427,53,0,84,62,0,78,327636,21640,99933,56072,554191,1509
3034b3f33e1d49f4a7b6c84bdea57004,scene-0537,boston-seaport,n008,41,41,Construction zones; construction vehicle; pedestrian; oncoming vehicles,125,0,0,594,229,0,148,29,0,152,334909,0,189782,127437,450695,320250
5890face846e47a899246159b7c30bd7,scene-0538,boston-seaport,n008,41,41,Ton of pedestrians in park; parking lot; parked motorcycles; parked bicycles; jaywalkers,0,41,26,762,0,137,1157,0,99,137,416379,0,296264,220028,265990,578781
2f0e54af35964a3fb347359836bec035,scene-0539,boston-seaport,n008,41,41,Jaywalkers; bicycle racks; bus; parked scooters; parked bicycles; many peds; cross intersection,0,0,41,438,0,23,966,0,0,179,315484,0,288599,153710,360272,543737
788c5502523f4d01b3a8de47ec3dadfb,scene-0541,boston-seaport,n008,41,41,Parked truck; parked cars; pedestrian crossing,367,0,0,178,64,0,19,0,176,214,378317,589,74688,173952,279856,77891
f12b4e7fb95646ec9dac305076024bb9,scene-0542,boston-seaport,n008,40,40,Blinking traffic light,0,0,0,364,0,0,11,0,68,200,280364,0,88666,9203,246483,80587
c7604a179ea94e45857ec2c16416e5ad,scene-0543,boston-seaport,n008,40,40,Oncoming truck; pedestrian; parking lot; parked cars by the side,13,0,0,864,52,0,113,22,48,266,462285,2544,142078,78360,291617,85554
643ee37539844cb2b0453fd031a3afdd,scene-0544,boston-seaport,n008,41,41,Parked cars; peds; pedestrian crossing with pet,0,0,0,1047,0,0,302,116,41,91,325859,14078,197125,39249,251147,266804
f7d01e23508040c2aec430e8da13fb76,scene-0545,boston-seaport,n008,41,41,Pedestrian; parked cars; parked bicycles,0,27,0,923,0,0,336,0,0,86,341539,525,154453,49249,298450,442465
70e7d95ee1d1426fa84da44ddbf82d7a,scene-0546,boston-seaport,n008,41,41,Wait at intersection; peds; parked cars; wait to turn right; peds crossing crosswalk,0,0,0,1109,0,0,393,0,0,85,224013,3593,89778,17655,335580,181745
16e50a63b809463099cb4c378fe0641e,scene-0552,boston-seaport,n008,41,41,Bendy bus; school bus; parking lot; turn left; parked bus; overtake truck,0,0,180,581,31,0,112,4,75,57,553973,22191,190017,202827,303646,568642
6f83169d067343658251f72e1dd17dbc,scene-0553,boston-seaport,n008,41,41,Wait at intersection; bicycle; large truck; peds crossing crosswalk; ped with stroller,634,28,66,641,0,0,464,0,41,76,221076,39992,76532,0,213644,53696
f2541977a00a448db9b46a32187d9059,scene-0554,boston-seaport,n008,41,41,Wait at intersection; ped crossing; ped with stroller; cyclist; barriers,925,30,0,346,0,0,487,81,41,41,220594,39937,67301,4737,216529,47240
3363f396bb43405fbdd17d65dc123d4e,scene-0555,boston-seaport,n008,40,40,Cross intersection; construction; big truck,959,0,0,527,26,0,459,188,40,40,542748,64560,167624,8984,313546,65627
b94fbf78579f4ff5ab5dbd897d5e3199,scene-0556,boston-seaport,n008,40,40,Turn left; oncoming vehicle; pedestrian; parked truck; passengers exiting car,0,0,38,614,0,0,113,0,0,85,392144,75325,172170,3151,524267,74381
3f90afe9f7dc49399347ae1626502aed,scene-0557,boston-seaport,n008,40,40,Parked cars; pedestrian; stopped at intersection; oncoming vehicle,36,0,40,471,0,0,175,0,0,8,262675,11266,119234,0,374193,80287
952cb0bcd89b4ca4b904cdcbbf595523,scene-0558,boston-seaport,n008,41,41,Turning right; parked cars; peds; parked bicycle,0,33,57,918,0,0,292,0,8,52,547229,44871,204958,0,574463,94380
0e7ede02718341558414865d5c604745,scene-0559,boston-seaport,n008,41,41,Passing intersection; pedestrian; parked cars; construction zone; construction vehicles,0,0,41,403,161,0,203,160,0,199,898263,182225,184271,70810,395808,306769
44c9089913db4d4ab839a2fcb35989ed,scene-0560,boston-seaport,n008,40,40,Arrive at intersection; parked cars; statue; peds; ped with stroller; flag; bendy bus,0,0,60,577,80,0,137,23,0,80,270166,7568,111392,13925,465480,433861
ed242d80ccb34b139aaf9ab89859332e,scene-0561,boston-seaport,n008,40,40,Wait at intersection; turning left; cars turning together; parking lot,0,29,44,759,40,5,316,2,54,185,388072,19905,113145,4190,327456,547707
30a1a4ccd60047b4a22ee3bf0645f3ad,scene-0562,boston-seaport,n008,40,40,Parked cars; pedestrians; pedestrians on flyover; parked bicycles on bikeracks; barricades; passing below flyover,1273,17,0,609,46,0,184,249,35,196,324129,21931,158177,16911,450825,317823
8e3364691ee94c698458e0913a29af78,scene-0563,boston-seaport,n008,40,40,Change lane and stop; slight traffic congestion due to traffic light; ped on overpass; parked cars; cyclist,0,30,51,1010,80,0,194,0,0,308,249429,22107,176685,13001,352980,188338
84e056bd8e994362a37cba45c0f75558,scene-0564,boston-seaport,n008,40,40,Parked car; pedestrian; turning right; construction zone,147,0,77,1103,0,0,117,19,40,284,338267,51043,180747,0,335038,176354
54f56f80350b4c07af598ee87cf3886a,scene-0565,boston-seaport,n008,40,40,Turning right; pedestrian with suitcase; pedestrian; construction zone; parked car,402,0,13,252,40,0,317,499,68,192,406990,7149,136441,14417,1012310,58733
58af378ff68b49c99aabf320dca1ee25,scene-0566,boston-seaport,n008,41,41,Rain; turn right; parked cars; car turning around,0,0,28,1974,0,0,0,0,0,120,359491,0,81696,27040,257179,161254
1f23540a109243438a5e3bd47e70105d,scene-0568,boston-seaport,n008,41,41,Rain; parked cars; parked truck on the lane,0,0,0,230,11,0,0,3,120,222,308118,0,52860,44678,310500,13803
0b8948ee96ac46faad405bf1ffc70bb1,scene-0570,boston-seaport,n008,40,40,Rain; wait at intersection; turn right; bus; truck; many parked trucks,0,0,0,793,32,0,42,51,206,1045,339266,0,89039,23778,320057,161162
673ce9bdd9254fff82a524653a07b57f,scene-0571,boston-seaport,n008,41,41,Rain; many parked trucks; cross intersection,8,0,0,169,125,0,4,0,204,590,343968,0,96315,19335,334401,116068
dbd9183e1278475ea54761297e004b04,scene-0572,boston-seaport,n008,41,41,Rain; parked trailers; fence; parked cars; flipped barriers and cones,0,0,0,646,30,0,5,244,103,97,317395,0,85828,20710,384122,144065
47a73fb6a41a4c4b9fe2897254dd3671,scene-0573,boston-seaport,n008,41,41,Rain; parked cars; ped; parked trucks; construction vehicle,0,0,0,884,51,0,16,168,19,129,199868,0,71236,110978,399685,186713
08be42eb2186411d8e2201225329f1c6,scene-0574,boston-seaport,n008,40,40,Rain; turn left; parked cars; wait at intersection,0,0,0,841,20,0,0,0,0,67,283632,155,93020,12142,264633,858878
e329b73341204af7a9de29e65291ce1c,scene-0575,boston-seaport,n008,40,40,Rain; parked cars; cones; construction workers,0,0,0,691,0,0,48,138,0,206,344560,0,112227,24608,379490,477233
6946bd49ebe648b7a8c4555774059bc8,scene-0576,boston-seaport,n008,40,40,Rain; construction; ped on road; turn right,249,0,0,595,11,0,179,230,0,92,264779,13437,59570,69803,579106,6512
482edf83eb664fdf90204c1830abe648,scene-0577,boston-seaport,n008,41,41,Rain; turn right; bicycle rack; cross intersection; parking lot,12,0,82,201,0,0,16,0,0,158,245669,1374,224220,171367,373294,531362
f0f120e4d4b0441da90ec53b16ee169d,scene-0578,boston-seaport,n008,41,41,Rain; cross intersection,815,0,19,128,13,0,11,17,103,425,291216,7431,21761,260038,395065,339293
73b16c26a0d24c7a841e4cbe5d0d7878,scene-0580,boston-seaport,n008,41,41,Rain; long street; parked car,0,0,0,498,98,0,0,0,18,313,351451,3615,150141,28233,340260,232239
45fc8a7a26c5469a88db999ae8468777,scene-0582,boston-seaport,n008,40,40,Rain; parked cars; turn right; peds; wet road,12,4,0,648,0,0,99,3,0,37,328543,64693,143255,28624,516486,152034
43d5f10c855048b9963c9eb288a8a001,scene-0583,boston-seaport,n008,41,41,Rain; parking lot; stopped briefly at intersection,0,0,0,1610,0,2,56,0,0,104,306255,0,110963,17032,315812,68261
2eb0dd074d8e4a328fd2283184c4412e,scene-0584,boston-seaport,n008,40,40,Rain; turn right; exiting car; parking lot,0,0,0,2112,0,0,0,164,0,140,492058,0,131925,54070,206730,538669
5d709891c41d423687ae4ea0473cb9c4,scene-0585,boston-seaport,n008,41,41,Rain; construction vehicles; cross intersection,731,0,0,1251,207,0,78,55,122,337,345831,0,87346,153793,293146,304315
64eef73c4f564a3db415e965f6460012,scene-0586,boston-seaport,n008,41,41,Rain; construction; parked car; close to intersection,1893,26,0,299,254,0,77,302,38,213,196374,2880,27947,249385,180037,285980
0287702725184161af95373198546a59,scene-0587,boston-seaport,n008,41,41,Rain; wait at intersection; truck,450,0,0,533,41,0,81,260,56,255,90386,11017,49213,116261,143905,399697
590b4e5a4f94426ab3b1a66f35e140d5,scene-0588,boston-seaport,n008,40,40,Rain; turn right; parking lot,245,0,0,841,29,0,48,138,55,258,332478,37701,105449,136836,222779,535666
cddd0d5be10b4313a859524952455f43,scene-0589,boston-seaport,n008,41,41,Rain; turn right; cars waiting at intersection,0,0,23,360,33,0,74,137,0,40,539198,121811,201003,19741,376999,113465
d8a5dd6087de4e808c61c27f91e8216e,scene-0590,boston-seaport,n008,40,40,Rain; cluster of traffic cones; wait at intersection; bendy bus,0,0,96,391,68,0,37,524,14,80,395931,109940,105544,5119,360596,410188
28db6ee9a8d34e9e88e741817b6733c1,scene-0591,boston-seaport,n008,41,41,Rain; cross intersection; wait at intersection; statues,0,0,72,441,4,1,34,86,56,165,316708,45888,131732,42369,631106,409767
9c5dc664216e43a99d5da3f23d373e4d,scene-0592,boston-seaport,n008,41,41,Rain; wait at intersection; turn left; huge truck; scooter,206,14,27,841,0,32,196,162,65,178,375159,36017,237727,49247,476707,998028
a59b6db922ff490da5ccfc9980700935,scene-0593,boston-seaport,n008,40,40,Rain; wait at intersection; peds crossing,40,0,0,456,0,0,198,40,18,115,144011,57300,77436,664,245723,100268
66461d94f2e44d39a90843ff2dce11e8,scene-0594,boston-seaport,n008,40,40,Rain; turn right; arrive at intersection; big trucks,411,0,0,452,12,0,146,307,76,156,369956,7991,130198,30168,921242,67199
b3318661150b4d6080886dc702989910,scene-0595,boston-seaport,n008,41,41,Rain; wait at intersection; peds; construction; ship; ped with bag,123,0,0,365,0,0,121,118,0,140,88615,0,82100,1421,453532,71643
c4ab236557c8423caa8add5fb48a0898,scene-0596,boston-seaport,n008,41,41,Rain; wait at intersection; start at intersection; peds; large truck; dog; turn left,57,0,24,981,0,18,195,71,22,111,182119,15123,138129,71167,227410,1069042
b829278aae2747959f2a95423455bbcb,scene-0597,boston-seaport,n008,40,40,Rain; parked cars; peds and children; parked truck,0,32,61,1052,0,9,147,36,40,93,403631,1524,238853,15241,544779,404748
a8bd4c1efe284a5bba46f59454764965,scene-0598,boston-seaport,n008,41,41,Rain; construction; turn right; roundabout,1184,0,0,630,7,0,118,165,0,76,321785,6318,105803,20639,650911,139924
d4c5db6faa9f443795ad86561e9e556e,scene-0599,boston-seaport,n008,40,40,Rain; peds; construction; turn right; containers; cyclist,750,13,35,128,2,0,103,122,621,98,302226,21267,33414,93282,466626,81222
bd22f197e9f648cba8e307869479629b,scene-0600,boston-seaport,n008,41,41,Rain; parked busses; parking lot,251,5,212,299,0,0,36,4,25,247,438551,0,79046,315838,194454,352238
0ac05652a4c44374998be876ba5cd6fd,scene-0625,boston-seaport,n008,40,40,Rain; peds; construction,70,12,0,640,0,0,164,6,0,54,296503,0,228913,455,563252,312738
3ada261efee347cba2e7557794f1aec8,scene-0626,boston-seaport,n008,40,40,Rain; construction; bendy bus; roundabout,982,0,44,568,19,0,46,169,0,28,299045,1096,74515,30974,454308,50953
5301151d8b6a42b0b252e95634bd3995,scene-0627,boston-seaport,n008,41,41,Rain; industrial,45,0,0,442,5,0,88,38,90,98,356400,3529,56992,38363,335717,85695
991d65cab952449a821deb32e971ff19,scene-0629,boston-seaport,n008,40,40,Rain; industrial; turn twice,541,0,0,732,45,0,0,178,172,602,334134,0,126028,92566,329400,124856
9068766ee9374872a380fe75fcfb299e,scene-0630,boston-seaport,n008,41,41,Rain; construction; fence; special construction vehicle; nature; crane; wait at intersection; parking lot; cross intersection,0,0,0,337,148,0,1,203,0,3,292886,0,93456,158374,306344,507523
b789de07180846cc972118ee6d1fb027,scene-0632,boston-seaport,n008,40,40,Rain; industrial; turn right; turn right; parked cars,41,0,0,185,0,0,0,23,27,46,492460,0,63670,22699,494448,69061
9088db17416043e5880a53178bfa461c,scene-0633,boston-seaport,n008,40,40,Rain; industrial; parked trucks at parking lot,50,0,0,261,15,0,24,137,134,206,188565,0,104727,161357,206837,525000
7210f928860043b5a7e0d3dd4b3e80ff,scene-0634,boston-seaport,n008,40,40,Rain; industrial; parking lot; semi backing up,342,0,0,1028,0,0,24,157,256,653,408924,62,82691,82100,313464,91819
7bd098ac88cb4221addd19202a7ea5de,scene-0635,boston-seaport,n008,40,40,Stationary in rain; semi backing up,40,0,0,862,0,0,0,0,439,511,227327,0,15084,0,143424,0
19d97841d6f64eba9f6eb9b6e8c257dc,scene-0636,boston-seaport,n008,40,40,Rain; turn right; parked trucks,24,0,0,361,16,0,8,0,216,205,469486,1236,117951,72606,496157,216694
3045ed93c2534ec2a5cabea89b186bd9,scene-0637,boston-seaport,n008,40,40,Rain; parked cars; peds; jaywalker; water reflections; parked bicycle; ped with umbrella; cross intersection,53,28,0,1073,0,0,153,10,8,155,288770,2424,193086,19888,522944,393709
f5b29a1e09d04355adcd60ab72de006b,scene-0638,boston-seaport,n008,41,41,Rain; turn left; water reflections; jaywalker; parked cars,0,8,0,813,0,0,123,33,22,242,262307,0,172672,133345,228584,1155086
66134aebdaca4aca82aec91ec8c6245e,scene-0639,boston-seaport,n008,40,40,Rain; arrive at intersection; parked vehicle,0,0,0,753,16,0,0,305,39,40,278650,71613,30468,11000,240683,351086
55162149a9464d5bb0b0ebd914567e09,scene-0640,boston-seaport,n008,40,40,Rain; cross bridge; truck,0,0,0,387,0,0,53,151,76,65,460286,84075,169031,9265,303328,123558
e02aee6f1fec4d13ad77044466da5fb4,scene-0641,boston-seaport,n008,40,40,Rain; cross intersection; parked cars; change lane; arrive at intersection,144,0,50,796,20,0,137,45,15,63,350853,53352,163703,579,397917,92325
4772f5283211444eaabd463cd341d360,scene-0642,boston-seaport,n008,41,41,Rain; parked cars; parked bicycle,0,50,3,1002,0,0,48,0,0,58,335322,33083,205186,0,456964,139860
98fc76cc0e364efdaa7e86a36b666dda,scene-0643,boston-seaport,n008,41,41,Rain; parked cars; bicycle rack; parked bicycle; person loading car; reflections; construction sign,6,22,0,878,0,0,137,61,27,8,302262,6055,191558,101817,341098,535396
4bcb814456f044919bc052c208dbebc5,scene-0644,boston-seaport,n008,40,40,Rain; parked cars; parking lot; ped; parked truck; construction vehicle; sign trailer,11,0,0,826,73,0,38,26,53,123,293022,6808,154185,40760,247285,134762
38b3010304734913bb148d17ebbc352b,scene-0645,boston-seaport,n008,41,41,Rain; parked cars; wait at intersection; ped crossing crosswalk; turn right; truck,0,0,0,477,23,0,65,43,112,416,346901,0,117176,32157,470895,268236
491322eec05043c9907c59aa35b046ea,scene-0646,boston-seaport,n008,40,40,Heavy; parking lot; truck; concrete barricades,870,0,20,460,22,8,1,0,130,225,231836,0,31315,258622,273361,159497
37cfda558193400bbe3a5ff14ae4606e,scene-0647,boston-seaport,n008,41,41,Rain; parked cars; parked buses,1719,0,228,365,14,0,0,6,0,127,254365,0,0,322152,271178,274362
a6fae4900f8e46cba689b59b5bc8a2ab,scene-0648,boston-seaport,n008,40,40,Rain; cross intersection; reflections; bicycle rack; bus,238,19,42,252,28,14,37,10,41,485,323974,0,134537,152663,377431,282550
b7bb8ec5bf22476f8ba8ca0b2e57e8f6,scene-0649,boston-seaport,n008,41,41,Rain; parked scooter; parked bicycle; wait at intersection,0,72,41,74,0,41,23,4,0,7,193791,0,170789,144474,279118,545686
406a61a4d394432e95a7e8426a97551f,scene-0650,boston-seaport,n008,40,40,Rain; reflections; parking lot; arrive at intersection,0,0,0,1722,0,0,32,9,0,64,192320,0,89563,8235,275275,225832
d7823d64ca1a47c5842beb6d7197042d,scene-0651,boston-seaport,n008,41,41,Rain; start at intersection; parked cars; wait to turn; trash can; turn left,0,0,0,898,0,18,20,70,0,95,214347,0,84724,690,535350,174525
c468cdcc838143d480b5b9c835c8380c,scene-0652,boston-seaport,n008,41,41,Rain; wait at intersection; peds crossing; parked cars,0,0,0,782,0,0,196,485,0,0,103771,15649,72672,14958,371867,0
08110c8640454affb5167801442a85fd,scene-0653,boston-seaport,n008,41,41,Parked cars; jaywalkers; parked truck,59,19,41,769,0,104,179,183,259,440,436900,0,58092,47183,280187,74199
9056ac9944e846109b00e31cc96259cb,scene-0654,boston-seaport,n008,40,40,Turn right; crane; policemen on road; parked cars,1348,0,0,766,65,37,176,47,118,329,484386,61,154960,293023,242899,834935
bebf5f5b2a674631ab5c88fd1aa9e87a,scene-0655,boston-seaport,n008,41,41,Parking lot; parked cars; jaywalker; bendy bus; gardening vehicles,0,0,57,1631,80,0,151,236,19,199,411530,0,143985,78311,408440,187135
ab7f4909bc6c4841a12020355a7d505c,scene-0656,boston-seaport,n008,40,40,Parked cars; jaywalker; parked bicycle; parking lot,96,0,33,1025,86,13,138,284,28,183,386559,1,196084,217819,438508,531306
cf3db17f34cd412faca3535ac8c7069a,scene-0657,boston-seaport,n008,41,41,Parking lot; turn left; heavy truck,0,0,0,1439,88,41,273,72,40,122,461185,0,177023,88158,511188,328780
ff6af17f52c34e9c9958c64e41fb3786,scene-0658,boston-seaport,n008,40,40,Wait at intersection; peds crossing crosswalk; scooter; turn left; heavy truck; bus stop,0,0,0,425,30,27,203,9,14,49,416174,0,162380,167828,393553,402453
35c3bc100e4b4e5089820986d3f50fa3,scene-0659,boston-seaport,n008,40,40,Peds; parking lot; large truck; scooter,50,0,0,834,24,40,95,8,177,357,445076,0,99318,99117,434105,425979
77c9f156f8594ed59dcdacb8b877a7ac,scene-0660,boston-seaport,n008,40,40,Painted truck; parked cars,0,0,33,240,39,0,0,22,602,251,650264,842,1173,439,384300,29308
97349fd50e694a5f994b0954047b96d0,scene-0661,boston-seaport,n008,40,40,Parked cars; turn left; construction,331,0,3,486,64,0,71,128,30,124,414282,64,5795,32468,516772,31634
06c43bc74aff453081ce83eb126a756e,scene-0662,boston-seaport,n008,40,40,Parked cars; construction; wait at intersection; jaywalker,392,20,0,859,190,30,332,435,89,297,394514,0,79443,161188,396323,124969
5b9c64f03f8b4a4f8189a18d74f866c2,scene-0663,boston-seaport,n008,40,40,Parked cars; turn left; parked bicycles; construction vehicle,186,31,0,657,66,97,152,312,144,481,402160,1943,104527,41083,551717,174659
881c0b8d8efe4006a6c974128ee7f7c2,scene-0664,boston-seaport,n008,41,41,Huge truck; parked trucks,131,0,0,421,32,17,61,84,482,428,672869,0,12717,18549,310997,40793
45275e709d4a4b0592d57850d8e8bd8d,scene-0665,boston-seaport,n008,41,41,Sitting ped; parking lot; turn left; wait at intersection; police car; turn left,0,0,0,1625,0,71,236,0,0,41,317806,0,88081,118358,603459,228966
e323a27a0ba94ab5ab11010d778cd41f,scene-0666,boston-seaport,n008,41,41,Parking lot; jaywalker,53,0,112,975,91,0,417,182,0,220,352732,0,225538,202253,442373,571045
d39c6835da754adfa0f75183e685c403,scene-0667,boston-seaport,n008,40,40,Bendy bus; peds having a picnic; overtake truck; parked car,0,0,115,1535,0,0,241,62,19,98,427075,0,157887,126865,447091,371818
e8bda599a2d44d76a7692caeacb1ba6e,scene-0668,boston-seaport,n008,41,41,Parked bus; crane; construction,208,4,17,1333,11,1,66,136,28,223,378644,1343,90324,111211,336644,187247
30783e1b472a4101b82be19e41636ba2,scene-0669,boston-seaport,n008,41,41,Turn right; dense traffic; ped sitting at bus stop; parking lot,408,0,16,1166,0,0,44,15,0,242,609972,13203,108358,122569,175262,548623
66be189398d74681a8b8db4b7dd52259,scene-0670,boston-seaport,n008,41,41,Wait at intersection; heavy truck; personal mobility device; bus; ped crossing crosswalk,0,0,41,444,0,0,80,0,41,100,139498,12779,70377,68917,135920,189934
d1ece215e0a8442691cb5e380a6fb935,scene-0671,boston-seaport,n008,41,41,Cars; heavy truck; personal mobility; arrive at intersection; peds,418,0,0,672,59,0,79,23,88,88,510582,47829,125632,37093,313351,103317
f612aec0c3e34e32b2e9e48670cdecca,scene-0672,boston-seaport,n008,41,41,Wait at intersection; heavy truck; personal mobility,424,0,0,394,0,0,41,30,41,158,149027,25679,45268,9012,143093,29269
b528f78de55e41d9bb3382176dae1a4c,scene-0673,boston-seaport,n008,40,40,Construction; bus; wait at intersection; ped crossing crosswalk,977,0,65,310,64,0,253,300,0,104,328701,35625,142151,22294,301656,202364
fccdb073bc54449a99f033e040ad51a2,scene-0674,boston-seaport,n008,41,41,Parked cars; bridge; wheelchair,0,0,0,1097,17,0,107,49,22,31,380726,49623,87472,205,135482,16898
3b5f3391078e48ac92600cbdfa4ccbe6,scene-0675,boston-seaport,n008,40,40,Excavator; wheelchair on road; construction,166,0,0,1098,40,0,244,831,40,14,271766,25910,75398,11745,231309,105831
b8be4950e73743a8841d545fcb145706,scene-0676,boston-seaport,n008,40,40,Wheelchair; construction,839,0,24,846,40,0,233,1346,0,92,249360,10734,98355,25361,308725,209179
70c3b2f2b1f3403083fd44d06cc5abe0,scene-0677,boston-seaport,n008,41,41,Wheelchair; construction; personal mobility,1084,0,48,1167,0,45,162,670,0,55,305026,5592,101346,47694,421510,116916
53d376c20b7146349a53554a4616c48c,scene-0678,boston-seaport,n008,41,41,Wheelchair; personal mobility; stroller; bus; construction,793,0,28,869,0,14,302,816,0,26,306418,212,94191,22671,573572,36113
3469d30a6e2a4d878fb0ff899346b7de,scene-0679,boston-seaport,n008,41,41,Personal mobility; wheel chair; construction; peds; construction vehicle,1471,0,17,640,41,0,340,1773,0,120,583270,16113,75573,124608,597629,0
52bb785dcb5548a1836898f14fb3cf6d,scene-0681,boston-seaport,n008,40,40,Wait at intersection; construction; bicycle; peds; lots of barriers and traffic cones,2111,71,40,189,40,0,530,1065,0,40,97802,0,42106,77023,348798,0
cab845a2e8864482993ac62811f879c1,scene-0683,boston-seaport,n008,40,40,Wait at intersection; construction; start at intersection,1865,13,47,435,40,0,435,1657,0,8,298186,27447,69527,73560,497340,0
62d9a581c7114d90a48bacfb2a47b104,scene-0684,boston-seaport,n008,41,41,Bridge; many peds; bus,118,11,132,584,19,0,1324,38,0,54,279465,3652,57607,4861,387587,36150
53d4c9a634df4fdfadf057d3a216e98f,scene-0685,boston-seaport,n008,41,41,Wait at crosswalk; many peds; turn right; peds crossing crosswalk; bus; sitting peds,0,0,41,794,0,0,2040,263,41,79,509728,10992,316110,0,388607,477662
a6ebe93557f24cf9bcf613dbff0aab24,scene-0686,boston-seaport,n008,41,41,Many peds; jaywalkers; wait at intersection; peds crossing crosswalk; bicycle; stroller,0,41,41,401,0,0,1504,60,0,123,340167,0,190231,10057,263333,289599
a25d763258dc4526b52759b3ddaad7ec,scene-0687,boston-seaport,n008,41,41,Bicyclists; many peds in sidewalk; turn right; bridge,0,154,56,527,0,0,1682,10,33,65,305734,38,77144,0,445214,158158
2bbae5e654224cbeb5884c471e2ad05e,scene-0688,boston-seaport,n008,41,41,Arrive at intersection; many peds; cyclist; bicycle,0,155,41,854,0,0,675,0,0,93,229456,0,78538,0,515745,39563
d9a3087bab26405cb005221b979edd39,scene-0689,boston-seaport,n008,40,40,Wait at intersection until light turns green; parked bicycle,0,37,46,748,0,0,433,0,0,182,232374,0,79178,0,445721,36575
1466f33b56704942a368fa03d10708dd,scene-0695,boston-seaport,n008,40,40,Parked cars; peds; bicycle racks; cones; through intersection,0,8,0,1345,11,27,507,29,41,116,428907,0,137700,96318,603678,296128
c133e78e55ae487c821803a3b183d1ab,scene-0696,boston-seaport,n008,40,40,Cones; parked cars; ped crossing crosswalk,43,0,0,1333,32,19,101,348,0,75,406033,13206,164770,101838,452278,412049
f36162eac28641a0978032ff89e0f752,scene-0697,boston-seaport,n008,40,40,Ped crossing road; parked cars; ped on sidewalk; pole; bench; trailer; cross intersection; parked bus; parking lot,0,63,19,877,0,0,129,0,35,13,370894,0,263143,182747,408554,604632
f68ef41fbd1142d3a74f71be605a2227,scene-0698,boston-seaport,n008,41,41,Pullable object; peds on sidewalk; parked cars; parking lot; truck; arrive at intersection; cone,399,6,14,1491,88,0,116,112,56,166,380999,909,132089,73892,376903,188986
41e0d46e715a476ab05e4d62e415ea41,scene-0700,boston-seaport,n008,40,40,Overtake stopped cars; arrive at intersection; car overtaking us; barriers; turn right; stopped cars at red light; ped on sidewalk; parking lot; bus stop,944,0,0,1215,91,0,28,141,72,162,406448,14722,90014,287593,196933,494737
b0525843a3b0463f91d715deff733b8f,scene-0701,boston-seaport,n008,41,41,Parked cars; ped on sidewalk; bicycle; car overtaking us; ped on sidewalk; parking lot; arrive at intersection; wait at intersection,252,41,0,1827,0,0,90,9,0,279,520573,17543,134762,149127,151471,568111
77c23b25e2ee4b9ebff6d179d3ce4a31,scene-0703,boston-seaport,n008,40,40,Wait at intersection; cars; parking lot; cars overtaking us; cone; cross intersection,0,0,0,1363,0,0,0,56,0,150,511554,44058,119687,137245,210389,416063
1891b66d9f58463399aa242f3b521232,scene-0704,boston-seaport,n008,40,40,Cars; bicycles; peds on sidewalk; parking lot; arrive at intersection; wait at intersection; truck; motorcycle,0,27,0,679,21,8,235,0,67,169,461161,58323,128680,20317,291188,59530
23e33c8bba1f411ba5871dc074f8dbf8,scene-0705,boston-seaport,n008,40,40,Wait at intersection; truck; peds crossing crosswalk; ped on sidewalk; bicycles on sidewalk; cyclists,146,78,0,510,39,0,123,117,4,65,235007,55553,70644,4161,247606,38407
1ad821fcfc9f4c24bb879ec7d5ba0ec1,scene-0706,boston-seaport,n008,41,41,Cross intersection; cars; cones; cars overtaking us; cyclist on sidewalk,1342,41,0,472,8,0,225,568,0,77,354146,47894,118381,274,242904,203220
1b3b150c9d3e4e1593e7ce882a69f870,scene-0707,boston-seaport,n008,40,40,Construction; peds on sidewalk; arrive at intersection; bicyclist on sidewalk; cross intersection; bus stop; parked cars,567,40,0,529,0,0,322,228,15,70,574406,51287,232759,28801,271131,142053
fe3aa64e4339456186c38c6308f5fb1a,scene-0708,boston-seaport,n008,40,40,Parked cars; peds on sidewalk; cones; ped on sidewalk; arrive at intersection; cross intersection,169,21,0,856,0,0,224,165,40,8,408033,49662,195132,444,258684,201693
cd122d67c51c4fa4902486897cad91ad,scene-0709,boston-seaport,n008,41,41,Parked cars; peds on sidewalk; cones; trailer; construction vehicle; metal box; cars overtaking us,45,0,0,1347,30,0,204,507,31,8,369740,58380,77297,0,197438,60719
0c13be31e9854d97960d1af570db433f,scene-0710,boston-seaport,n008,40,40,Cones; parked cars; peds on sidewalk; truck; peds crossing road; wait; car overtaking us; ped crossing crosswalk,867,0,0,1056,0,0,342,1031,0,105,202787,0,62311,52742,306947,199719
5674c9e612cc4f7793330a361755830a,scene-0711,boston-seaport,n008,41,41,Change lane; truck; cars; cones; ped on sidewalk; bus; wait; car overtaking us,2495,0,39,327,40,0,363,1826,0,45,289297,1947,52775,150988,809770,0
fb20ca9935c4439e8125ba830abcf9dc,scene-0712,boston-seaport,n008,40,40,Cones; cars; peds on sidewalk; truck; construction vehicle; arrive at intersection; cross intersection; change lane; pole; bridge,1680,16,46,524,40,0,778,1430,0,90,328834,18108,65731,116201,637057,0
efe3681f556b43e6aa65bf7bfc61a2f8,scene-0713,boston-seaport,n008,40,40,Bridge; cars; peds on sidewalk; truck; arrive at intersection; peds crossing crosswalk,133,0,29,536,0,0,1225,44,32,199,277476,26455,62481,0,336592,38054
214008f81b8b4b509c730f0c13e9491f,scene-0714,boston-seaport,n008,41,41,Wait at intersection; bridge; jaywalkers; peds on sidewalk; peds crossing crosswalk,328,0,0,636,0,0,1631,118,0,41,173744,0,53586,0,356400,141114
579fb61492be4ffc97132658f8e4bb9c,scene-0715,boston-seaport,n008,40,40,Wait at intersection; cars; peds on sidewalk; bridge; bicycles; cyclists; bus; ped crossing crosswalk,0,55,18,421,0,0,920,0,0,71,132474,0,73281,37271,240664,127514
30ae9c1092f6404a9e6aa0589e809780,scene-0716,boston-seaport,n008,40,40,Wait at intersection; ped crossing crosswalk; cars; bus; peds on sidewalk; bridge; bicycle crossing crosswalk; turn right; parked cars,221,36,40,778,0,0,1112,9,40,92,534961,10065,249139,266,331347,284446
5aa5225d0ef440519a31c1dde075dab7,scene-0717,boston-seaport,n008,40,40,Parked cars; peds on sidewalks; parked trucks; cones; jaywalkers,0,18,29,585,0,0,641,119,0,99,260183,1404,206199,3767,324463,514228
555c691be4704ef29559373e031441dd,scene-0718,boston-seaport,n008,40,40,Jaywalkers; parked cars; parked trucks; cones; wait at intersection; peds on sidewalk,0,0,80,389,0,40,992,160,0,40,164790,0,88718,4443,212682,181584
e209e66ff7834490b212c16cb12a1ce9,scene-0719,boston-seaport,n008,40,40,Jaywalkers; parked cars; parked trucks; cones; wait at intersection; peds on sidewalk; turn right; cross crosswalk; motorcycle,0,0,0,656,0,40,846,106,0,80,380051,0,149708,2141,357383,304062
ef5f945852e84fcc88cab506746a6636,scene-0726,boston-seaport,n008,40,40,Wait at intersection; cars overtaking us; parked cars; peds on sidewalk; cones,278,40,16,1159,0,0,493,536,0,40,268501,0,48946,0,269944,0
52fa2df7fde34bd58ee30cff02b73f51,scene-0727,boston-seaport,n008,40,40,Wait at intersection; peds on sidewalks; parked cars; cones; peds crossing crosswalk,254,40,0,1852,0,0,444,405,0,99,242010,0,66166,0,260832,4085
3673601f263947fd9259640bd55622bd,scene-0728,boston-seaport,n008,40,40,Wait at intersection; peds crossing crosswalk; parked cars; peds on sidewalk,0,24,0,1196,0,0,320,308,0,80,331249,2377,91610,0,320469,7633
f92422ed4b4e427194a4958ccf15709a,scene-0730,boston-seaport,n008,40,40,Car overtaking us; cones; cross intersection; parked cars; trailer; peds on sidewalk; wait at intersection,689,51,0,864,8,22,160,245,13,86,441001,16097,203032,55041,353394,558119
85e8f6d6743a4897b5e07e685267868e,scene-0731,boston-seaport,n008,41,41,Wait at intersection; cones; peds crossing crosswalk; parked motorcycle; bicycle; truck,82,76,0,1119,0,41,251,273,41,82,230626,45725,97289,20843,216027,661185
221a67d95acf448ba863917ec4d32ed0,scene-0733,boston-seaport,n008,40,40,Wait at intersection; parked cars; bicycle; parked motorcycle; peds on sidewalks; truck; bus; cones,80,22,35,874,0,40,139,280,0,180,164596,10626,80501,92540,193786,456340
20b987b503444b3d9996c8f66946afa3,scene-0734,boston-seaport,n008,40,40,Wait at intersection; parked cars; cones; peds on sidewalks; parked motorcycle; peds on sidewalks; bus; stroller,80,39,141,923,0,40,250,270,39,143,244115,8412,127405,48634,247771,600733
deab903b0b644d7a984c552968026631,scene-0735,boston-seaport,n008,40,40,Cross intersection; flags; stopped bus; parked vehicles; peds; bicycle rack; parking lot; cross intersection; parked bicycle,13,11,83,1123,0,18,105,27,0,94,526944,7293,293210,40248,495638,394366
2f9da038274a4448bdbb83f994fc6381,scene-0736,boston-seaport,n008,41,41,Parked cars; ped crossing crosswalk; parked motorcycle; peds on sidewalk; turn left; cross intersection; fence; cone,1037,0,9,1403,0,30,279,52,20,48,476927,33354,173197,5622,416310,349765
df8dfada99a04a81bd1b102eeb84e9bc,scene-0737,boston-seaport,n008,40,40,Barrier; cyclist; parked motorcycle; parked bus; cones; truck,679,45,40,358,27,25,303,168,39,40,445940,0,159179,4860,365216,95294
d3d94f2ce3dc4db4b3ba6f4aa81c3987,scene-0738,boston-seaport,n008,41,41,Trailers; peds on sidewalk; barrier; trucks; bendy bus; cross roundabout; cones; parking lots; cross intersection; bicycle,375,12,73,741,21,5,132,61,291,403,522004,17122,90843,86869,203173,379865
1623e7fab5174f2a84cf1b539233e3a6,scene-0739,boston-seaport,n008,41,41,Parking lot; peds; child standing in vehicle; reach intersection; truck,0,0,0,1237,0,30,123,0,45,130,298045,0,75297,35790,253623,48261
d95a36c034344ae2ac11daf2ba1b2c60,scene-0740,boston-seaport,n008,41,41,Turn right; parking lot; parked cars; dense traffic,0,0,0,1987,0,6,188,0,0,292,584380,0,104837,60503,273279,128781
66e050dbde3447e5a4b07f0d896f5864,scene-0741,boston-seaport,n008,41,41,Parked cars; parking lot; peds on side walk,0,0,0,2490,0,0,164,0,205,116,591084,0,94848,0,144582,112500
1d25e9071ea94891b5eb7554e77a11bb,scene-0744,boston-seaport,n008,40,40,Parked cars; parking lot; change lane and change back; arrives at intersection,0,0,8,652,24,0,10,5,199,137,236592,0,76059,97255,289231,245021
2911b04ae82a45f386ad4f79457dd73f,scene-0746,boston-seaport,n008,41,41,Parked cars; parking lot; parked trucks; container; peds; arrive at intersection; wait at intersection,0,0,15,174,73,0,78,0,138,644,479157,0,67885,24270,290903,65430
373bf99c103d4464a7b963a83523fbcb,scene-0747,boston-seaport,n008,41,41,Wait at intersection; peds crossing crosswalk; parking lot,0,0,15,215,287,0,144,0,82,119,162768,0,73652,0,174480,50439
9c7062b34e064d6ab42124f3f0be233d,scene-0749,boston-seaport,n008,41,41,Wait at intersection; parked large trucks; ped with pet; heavy truck turning close to ego vehicle; avoidance maneuver,0,0,0,220,126,0,53,0,82,114,152440,0,68260,0,184725,38262
82240fd6d5ba4375815f8a7fa1561361,scene-0750,boston-seaport,n008,41,41,Wait at intersection; parking lot; traffic chaos; truck blocking us; cross busy intersection; cyclist; parked cars,0,20,0,568,281,0,103,0,110,244,301716,0,130698,9044,349037,116209
103b54209e584cd4b7ed2890eca2e126,scene-0751,boston-seaport,n008,41,41,Parking lot; bicycle; ped entering car; construction vehicles; parked cars,0,14,0,406,96,0,8,10,122,116,456109,547,91989,4723,411060,115518
6d6314f1865343f987ca53107b694745,scene-0752,boston-seaport,n008,41,41,Parked cars; crossing intersection; overtake parked truck,0,0,0,1301,0,0,4,35,0,190,230451,0,77733,4864,471309,130105
2fc3753772e241f2ab2cd16a784cc680,scene-0757,boston-seaport,n008,41,41,Arrive at busy intersection; bus; wait at intersection; bicycle; peds,0,22,35,297,41,0,45,100,0,64,328310,0,65470,32288,518504,7137
c71940250758484c913c23850c284fba,scene-0758,boston-seaport,n008,40,40,Ped crossing; construction vehicle; UPS truck; wait at intersection,200,19,0,502,40,0,180,40,0,52,146931,0,19001,33442,349140,0
5726dbbea8044103be584a85e2f3ee64,scene-0759,boston-seaport,n008,40,40,Wait at intersection; ped crossing crosswalk,160,0,0,500,40,0,90,120,0,75,163142,65109,8125,0,277504,0
ea4c42715ae24b0b952c57a9af1e7731,scene-0760,boston-seaport,n008,41,41,Wait at intersection; ped crossing crosswalk; turn right; narrow road,0,0,41,447,54,0,56,15,0,4,290664,82536,63878,826,560811,1097
947308824ada42fdbcff7009e815287f,scene-0761,boston-seaport,n008,41,41,Construction vehicle; peds; animal; parking lot,239,0,0,458,137,0,165,38,0,128,343424,0,170356,134148,403121,296635
ea9d0ef295c14dafb5653ede3f9f29a1,scene-0762,boston-seaport,n008,40,40,Parking lot; many peds; container; turn right; parked scooters; parked bicycle; bicycle rack,13,49,0,340,0,96,630,0,40,84,412088,0,332813,238049,230440,619290
cfeb880362694fa7a428aec2fd139daa,scene-0763,boston-seaport,n008,41,41,Fence; parking lot; bicyclist; buses; parked cars; ped with pets,1028,47,214,793,15,0,25,0,0,71,449602,0,2124,245448,312261,158945
dc8302cfccdb4812a0a4a60dde595e18,scene-0764,boston-seaport,n008,40,40,Bicycle; parked cars; parked trucks; follow bicycle; construction vehicle; ped; animal; containers; parking lot,799,49,6,279,77,0,40,0,111,248,364302,0,27066,301406,282721,185103
ab5bc0504e2c4103ab306c5bd18f6791,scene-0765,boston-seaport,n008,41,41,Wait at intersection; parking lot; low traffic; truck; motorcyclist,0,0,0,449,41,9,0,0,81,364,136302,0,68891,16293,237776,50747
5a3283d8aad24bba8cd36bfc1619064a,scene-0767,boston-seaport,n008,40,40,Parked cars; cones; trailer; peds; children; car trunk being loaded,0,0,19,1063,40,0,319,109,40,87,339338,13201,220522,34625,322917,471199
078e6d7a3d4a429bba404bf12c7a98f2,scene-0768,boston-seaport,n008,41,41,Parked cars; truck overtaking us; peds on sidewalk; bus; turck; construction vehicle; bicycle rack; bicycle; truck,0,22,41,962,28,0,46,0,25,63,313874,5255,182227,51927,477253,417466
1e9283d1ce98428aaa3b851487eb4f58,scene-0769,boston-seaport,n008,41,41,Truck; parked cars; ped crossing crosswalk; turn right; parking lot,17,20,0,699,24,0,55,0,15,149,489092,27555,201565,2191,520812,165966
aedcd3cf7c4a49d7a4a43ab7443a9eb1,scene-0770,boston-seaport,n008,40,40,Stationary ego vehicle; parking lot; ped on road,0,0,0,605,0,0,193,0,0,203,185632,0,58182,0,212622,71189
21a7ba093614493b83838b9656b3558d,scene-0771,boston-seaport,n008,41,41,Stationary ego vehicle; person getting out of ego vehicle; parking lot; peds,0,0,0,1294,0,0,134,0,0,202,157377,0,50942,286,200053,70130
96e5f1f0944946f391b4ef33ad623008,scene-0775,boston-seaport,n008,41,41,Stationary ego vehicle; parking lot; peds; truck; cars pass by,0,0,0,912,0,0,82,0,0,159,187286,0,65487,0,207951,77036
4bb9626f13184da7a67ba1b241c19558,scene-0777,boston-seaport,n008,40,40,Stationary ego vehicle; parking lot; person getting inside ego vehicle,0,0,0,928,0,0,64,0,0,117,151156,0,47157,0,216111,58057
ca6e45c25d954dc4af6e12dd7b23454d,scene-0778,boston-seaport,n008,40,40,Parking lot; U turn; parked cars; peds,0,21,0,476,0,0,186,0,0,129,287695,0,102370,12014,300019,98146
656bb27689dc4e9b8e4559e3f6a7e534,scene-0780,boston-seaport,n008,41,41,Parked cars; stop at red light; jaywalker; peds; bus,61,41,41,847,0,0,148,0,0,41,184037,24617,43777,0,237668,72858
57dc3221a3d845b5ab17ff0f98ce336f,scene-0781,boston-seaport,n008,40,40,Stop at red light; bus; low traffic; peds; ped crossing crosswalk,4,40,40,941,0,0,115,0,0,55,187965,28741,24561,0,248323,77320
7061c08f7eec4495979a0cf68ab6bb79,scene-0782,boston-seaport,n008,41,41,Parked cars; peds; crossing intersection; bus; trailer; cones,246,9,48,731,0,0,76,96,30,41,631529,67944,164158,0,316909,61660
40209c4e465d4b4e8341ebd52be0d842,scene-0783,boston-seaport,n008,41,41,Cars; parked cars; overtaking a bus; peds; parked scooter; truck; arrive at intersection; cones,0,0,56,710,60,28,165,136,62,128,704964,156178,197969,33062,479749,271800
50ff554b3ecb4d208849d042b7643715,scene-0784,boston-seaport,n008,41,41,Waiting at intersection; parked cars; bus; peds; flags,0,0,91,655,0,0,441,21,81,121,166563,0,79703,19467,323813,334366
85d5e2548a5e454fa65a739ac0ac55c2,scene-0786,singapore-queenstown,n015,40,40,Wait at intersection; construction workers; worker digging; start at intersection,40,0,0,179,0,0,280,275,0,0,433455,9938,122211,507342,277872,412291
19284973bd0342998c37848e931a90d0,scene-0787,singapore-queenstown,n015,40,40,Parked bicycles; bus stop; peds at bus stop; wait at intersection,0,61,0,142,0,2,162,0,0,48,407321,0,103355,333984,367830,733895
76b0df6376e246d284c9be42b1fc6be6,scene-0789,singapore-queenstown,n015,40,40,Wait at intersection; ped crossing crosswalk; parking lot,0,0,40,263,0,0,361,0,0,0,98128,0,17340,80706,261803,400730
78f63999591a49a195b872ddc368a146,scene-0790,singapore-queenstown,n015,40,40,Start from intersection; peds siiting; peds on sidewalk; jaywalker,0,0,40,437,0,0,282,0,0,0,298894,8691,90769,172426,374188,665707
74d03e3b673f4a72a3f76e1b0c7840bd,scene-0791,singapore-queenstown,n015,40,40,Peds on sidewalk; children; cross intersection; high speed; bus stop; parked bicycles,0,17,0,211,0,0,244,0,0,0,363615,18312,92717,213635,334120,700132
34ca95580d2d4c45a68b471d5afb3e27,scene-0792,singapore-queenstown,n015,40,40,Ped on sidewalk; peds; parked bicycle; stopped double decker bus,16,9,29,388,14,0,264,0,0,32,751915,6253,122652,394128,460569,445669
905cfed4f0fc46679e8df8890cca4141,scene-0794,singapore-queenstown,n015,40,40,Wait at intersection; many vehicles; motorcycles; light turns green,0,0,96,972,0,91,12,0,0,290,283387,2560,144033,69303,234032,471080
36f27b26ef4c423c9b79ac984dc33bae,scene-0795,singapore-queenstown,n015,40,40,Motorcycle; cars; trucks; bus; cross intersection; stopped bus; cones; peds on sidewalk,95,13,88,798,13,38,167,68,0,148,738309,14450,114718,310592,336295,571206
c5224b9b454b4ded9b5d2d2634bbda8a,scene-0796,singapore-queenstown,n015,40,40,Scooter; peds on sidewalk; bus; cars; truck; fake construction worker; bicycle; cross intersection; car overtaking us,4,0,27,472,0,19,165,0,0,29,538244,9518,112327,364620,310024,539245
f24b4682fbb9482aba149534deed1cc9,scene-0797,singapore-queenstown,n015,40,40,Cars; bus passing by; car overtaking us; wait,0,2,28,240,0,0,79,13,0,0,245285,0,80322,166899,346751,684701
380ff00ec86447e3b986edc8e82ffba7,scene-0798,singapore-queenstown,n015,40,40,Start at intersection; dense traffic; stopped scooter; parked bicycles; cross intersection; truck; bus; peds,0,25,26,383,0,30,196,1,0,27,317124,12538,90809,222247,439532,954566
ec7b7459461e4da1a236ba23e22377c9,scene-0799,singapore-queenstown,n015,40,40,Cars; cross intersection; motorcycle overtaking us; parking lot; truck; arrive at intersection,0,49,0,399,0,26,123,6,0,34,484081,27030,118010,363524,491633,677219
07aed9dae37340a997535ad99138e243,scene-0800,singapore-queenstown,n015,40,40,Peds on sidewalk; cones; bus; cross intersection; parked bicycle,0,21,22,299,0,0,151,47,0,0,570147,6966,96821,260162,280442,613774
6741d407b1b44511853e5ec7aaee2992,scene-0802,singapore-queenstown,n015,41,41,Cones; cross intersection; peds on sidewalk; parking lot; parked bicycle,31,23,0,460,0,13,92,43,0,0,367997,19598,95907,267676,284773,609810
5560a973257e407b8d5bf9fb92b1e0f3,scene-0803,boston-seaport,n008,40,40,Cars; peds on sidewalk; parked bicycles; car passing by; changing lane,0,53,0,878,0,0,106,0,0,0,204807,0,142347,14267,489827,274939
3a3c0ea9e3ce43918ee1765afd0f1319,scene-0804,boston-seaport,n008,41,41,Rain; Truck; ped on sidewalk; cars; bus; bicycle; wait at intersection,0,0,0,1101,0,0,183,0,0,49,293139,18818,155955,0,432583,234684
e5a3df5fe95149b5b974af1d14277ea7,scene-0805,boston-seaport,n008,40,40,Parked cars; truck; trash can; bus; ped pushing bicycle; wait at intersection,116,21,19,770,0,0,36,54,0,52,267556,34101,113005,0,397300,97188
aa54277d163d419b9f952b014112643e,scene-0806,boston-seaport,n008,41,41,Rain; Wait at intersection; ped push a bicycle; cars; truck; peds on sidewalk; bus,171,0,29,726,0,0,82,80,29,49,138138,8420,60378,10978,223993,80977
2cc8ffb250c44b42a888e9185810e04c,scene-0808,boston-seaport,n008,40,40,Rain; trucks; cars; ped crossing crosswalk; cross intersection; cones,337,0,78,562,0,0,40,130,44,61,434974,78544,156876,0,317519,77030
e1e664292aa144bc8d0d5d6441df084c,scene-0809,boston-seaport,n008,40,40,Truck; cars; cones; trailer; car overtaking us; bus,0,26,114,519,33,0,21,389,126,110,566754,139913,168973,10809,364358,337832
717053dec2ef4baa913ba1e24c09edff,scene-0810,boston-seaport,n008,40,40,Rain. Truck; buses; cars; peds; jaywalker; arrive at intersection,0,0,142,403,0,17,199,5,62,110,184321,0,129531,14378,561788,352525
4bf8fb20e4744bd391beb07b2424b30a,scene-0811,boston-seaport,n008,40,40,Rain; Wait at intersection; trucks; cars; ped,0,0,0,645,0,0,40,8,40,96,86157,1699,96804,46901,341208,321819
5a1d2867bb504c888a628ad549cc10b6,scene-0812,boston-seaport,n008,41,41,Truck; cars; peds on sidewalk; cones; cross intersection; changing lanes,0,0,0,586,0,6,161,10,26,83,289935,446,303916,94711,571375,908481
8cf06ee8cd004478aa46f391310b923e,scene-0813,boston-seaport,n008,40,40,Rain; Wait at intersection; trucks; cars; peds on sidewalk,0,0,5,295,0,0,40,0,0,40,41636,0,56296,28581,167948,339918
c5b36e5275cc4a2285d095e87347c49a,scene-0815,boston-seaport,n008,40,40,Rain; wait at intersection; truck; turn right; parking lot; cross intersection; change lanes; parked bicycle; parked cars,4,38,0,823,0,0,68,1,0,50,271972,0,218717,17733,503232,482155
0e247ba64b9d4a34a7256b6c173b1b5d,scene-0816,boston-seaport,n008,41,41,Rain; cones; cars; barrier; trailers; trucks; peds on sidewalk; cross roundabout; bird,553,0,0,406,0,0,159,80,245,156,407904,28154,144935,89665,405077,182946
e3094e1174654d119b55cce4df145e02,scene-0817,boston-seaport,n008,40,40,Trailer; parking lots; cones; bridge; trucks; peds,245,0,0,242,8,0,7,42,134,371,307362,0,78460,86199,336455,204678
521f01dfc8c9402e8309e047e2eea112,scene-0819,boston-seaport,n008,41,41,Rain; trucks; parking lot; wait at intersection; turn right,14,0,0,467,0,0,17,0,294,139,318112,0,155525,53250,518152,162563
7937f7d56b5444fd8c55052460e23807,scene-0820,boston-seaport,n008,40,40,Rain; Cross intersection; cross intersection; parking lots; peds on sidewalk; low traffic density; parked cars,93,0,0,544,12,0,23,12,335,290,402979,0,100535,123612,424314,468387
64ca274b5f69458bb5d21e0e2e071902,scene-0821,boston-seaport,n008,40,40,Parking lot; parked trucks; trailers; cones; barrier; cross roundabout,649,0,0,588,0,0,15,102,332,262,354560,25066,119146,86068,244919,280101
087c6e521e974c708d49cac1db095691,scene-0822,boston-seaport,n008,40,40,Rain; parked cars; peds on sidewalk; construction; cross intersection,555,15,0,606,0,0,121,117,0,32,317256,0,169159,1181,538878,245664
d83994e61a1b431cacf34931801d0c78,scene-0847,singapore-queenstown,n015,40,40,Bicycle rack; motorcycle; bus stops; low traffic; nature; parked bicycle,0,14,1,41,0,16,6,0,0,0,178318,9425,97169,396052,203025,805131
bf753f22bc524274bc359467e0be149c,scene-0848,singapore-queenstown,n015,41,41,Parked bicycle; jaywalker; bus; peds on sidewalk; cones; parked cars,16,19,32,261,12,60,210,29,0,12,642212,37823,230558,329333,298195,1048530
68fc5e3698a544d1bdf5847b88ad77d4,scene-0849,singapore-queenstown,n015,40,40,Cars; cross intersection; peds on sidewalk; barriers; cars overtaking us,65,0,21,203,0,0,130,40,0,0,650431,26300,180685,223498,438608,782897
b3f63d06b6c54ae6ae80d688f4966408,scene-0850,singapore-queenstown,n015,41,41,Car overtaking us; peds on sidewalk; cones,74,0,0,121,16,0,100,24,0,5,312037,18279,127326,243654,412625,615719
a5003bf9af8545a3a4c7f1f5604e8d3b,scene-0851,singapore-queenstown,n015,40,40,Cones; cross intersection; construction vehicle; truck; many peds,410,0,0,281,41,0,45,122,0,96,376366,19001,145183,213464,375721,769452
ea68050d37ea40688241b2dc361ec886,scene-0852,singapore-queenstown,n015,41,41,Many peds; jaywalkers; cars; parked motorcycle; truck; arrive at intersection,0,0,1,218,0,19,489,38,0,89,349983,18139,152199,143514,399751,683536
57f5503bf63144b8bf450315e860f58e,scene-0853,singapore-queenstown,n015,41,41,Turn left; cars,0,0,110,505,0,0,116,0,0,76,816728,118276,221587,441658,400686,857039
01796494e25c448dadaba70cfcc3532d,scene-0854,singapore-queenstown,n015,40,40,Lane change; dense traffic; buses; cars; ped; arrive at intersection,0,0,80,453,0,26,32,0,0,93,368067,12468,120441,316917,255896,777078
03a8a37d5d444674bae34336e78ac39d,scene-0855,singapore-queenstown,n015,41,41,Ped on sidewalk; turn right; truck; cars; cross intersection; buses; motorcycle; cones; slope,0,0,97,418,0,41,78,3,0,67,615609,700,125823,317799,215796,849313
5dd272b76c3f4e2582040a91f2be2dde,scene-0856,singapore-queenstown,n015,41,41,Parked buses; parked bicycles; many peds; cone,0,35,138,96,0,14,129,8,0,0,322639,0,157972,179869,645550,603422
cf652a711c8e40209132036a95162fed,scene-0858,singapore-queenstown,n015,40,40,Bus; cars; motorcycles; turn left; peds on sidewalk,4,13,78,565,0,80,198,18,0,24,958535,7400,352335,942740,153506,840345
c6072dd4f7cc47efaad77889aa465ad6,scene-0860,singapore-queenstown,n015,41,41,Parking lot; peds on sidewalk; jaywalker; parked bicycle; arrive at intersection; wait,0,41,0,368,0,17,227,0,0,0,358775,18748,133838,430113,377527,664487
748894952b00431186308b387c2f424c,scene-0861,singapore-queenstown,n015,41,41,Wait at intersection; nature; scooters; peds on sidewalk; ped with umbrella; parked bicycle; taxi; jaywalker; delivery scooter; turn right,0,41,11,241,0,159,351,0,0,39,160119,0,57897,166498,255824,645449
c0990deaa8954a54afc86f7710f349a1,scene-0862,singapore-queenstown,n015,40,40,Motorcycles; parked bicycle; cross intersection; peds crossing crosswalk; car passing by; peds sidewalk,0,80,0,144,0,67,441,1,0,17,323144,802,79021,109547,402437,917014
212fd4c9c9174635a7ec76051c8eec9e,scene-0863,singapore-queenstown,n015,41,41,Turn right; motorcycle; cross intersection; peds on sidewalk; cars; parked bicycle,0,61,0,148,0,18,328,0,0,26,506453,880,141761,533181,292269,822126
5d5506d750cc41d8bd33840d5350d7ad,scene-0864,singapore-queenstown,n015,41,41,Car passing by; parking lot; cones; bus passing by; many peds; parked truck,0,0,44,376,0,0,222,172,0,9,532612,1717,222588,600062,304997,464805
b09162caded44198b149b4bce3558056,scene-0865,singapore-queenstown,n015,41,41,Many peds; parking lot; parked bicycle; bus; parked motorcycles; turn right; cross intersection; stopped truck; people on truck,0,0,41,502,0,25,394,0,0,43,538051,299,176870,557108,250691,767042
dac50250c406439480be8b44d2c5a634,scene-0866,singapore-queenstown,n015,41,41,Cross intersection; parking lot; peds on sidewalk; parked motorcycle,0,0,41,733,0,39,16,12,0,1,310815,0,68378,331973,181278,325294
40a2faa275fe4b9bb7412259485bb46e,scene-0868,boston-seaport,n008,41,41,Rain; turn right; bridge; peds; ships; ped with umbrella,0,0,23,309,0,0,254,0,0,0,254146,0,37784,0,440561,71706
fd0d4fdda5c04f7eb43ecd2097df56fa,scene-0869,boston-seaport,n008,41,41,Rain; peds; bridge; parked cars; parking lot; bicycle rack; jaywalker; parked bicycle,0,3,0,1587,0,3,473,30,0,143,332169,0,136106,4455,649487,130899
76b36918bd4c487581a4196ffd1b1434,scene-0870,boston-seaport,n008,40,40,Rain; waiting at red light; parked cars; peds,0,0,0,793,0,0,313,0,0,95,89188,0,37371,0,402967,32067
f55c8c62235146d895f611176fd0a5dc,scene-0871,boston-seaport,n008,41,41,Rain; parked cars; parked bicycle; peds; animal; waiting at red light,0,0,0,792,0,0,157,0,0,106,134796,0,57361,0,432540,33721
40516b7f46e548d19dfee580e9a5afa6,scene-0872,boston-seaport,n008,41,41,Rain; peds; truck; wait at red light; parked cars; parking lot; parked bicycle,0,13,9,936,0,0,239,17,0,106,267767,0,114964,11740,748037,32604
6b6a24b7ae6b40ee95d60918f7f4cb2e,scene-0873,boston-seaport,n008,40,40,Rain; waiting at intersection; jaywalkers; peds; parking lot; bus,250,40,17,1463,0,0,187,127,0,120,126523,0,39734,0,243135,6275
13be0238abba499e95ba4e6404b22223,scene-0875,boston-seaport,n008,40,40,Rain; wait at intersection; construction; truck turning,826,0,0,463,40,0,187,1118,37,76,149388,33960,11351,21177,604323,3953
e15260c4ed5b4505900d497ef92ddd2d,scene-0876,boston-seaport,n008,40,40,Rain; construction site; cones; barriers; construction worker; parked cars; parking lot; bridge; peds,830,0,0,619,64,2,137,739,23,185,421842,72465,128042,76221,618968,111586
938479858b4849dd8ceddc11c154082b,scene-0877,boston-seaport,n008,39,39,Rain; parked cars; barriers; cones; containers; truck; person standing on truck; ped; construction site; construction vehicle; parking lot; bus,1089,0,19,406,29,7,79,423,65,50,329749,0,123610,79557,453751,391672
6447a9c30b0140d783871b08104ae7b3,scene-0878,boston-seaport,n008,40,40,Rain; bus; parked cars; parked scooter; parked bicycle; waiting at intersection,80,38,27,684,0,40,40,0,19,44,132740,4551,104580,21376,261370,663423
d033fb0d79ea42b9a356fa5162172598,scene-0880,boston-seaport,n008,41,41,Rain; parked cars; parked bicycle; parked scooter; barriers; fence; bus; cones; turn left; peds,49,0,54,882,0,32,89,132,31,117,369969,11923,218754,112381,376128,992475
c31adab2faea4db6ae5673eb8a507d00,scene-0882,boston-seaport,n008,40,40,Rain; wait at intersection; truck; parked cars; peds; parking lot; turn left,0,0,0,626,0,0,123,0,0,156,171015,0,172361,73209,354386,692400
ee909cb746e44174be804f26bc971efe,scene-0883,boston-seaport,n008,41,41,Rain; peds; parking lot; truck; waiting at intersection,0,0,0,1596,0,0,290,20,23,358,217312,8299,183996,101063,321053,583929
23663ff8f4614b8bb005d67e51a69283,scene-0884,boston-seaport,n008,40,40,Rain; jaywalker; truck; parked cars; stop at red light,0,0,0,359,0,0,113,0,0,137,58416,0,61814,0,193065,10670
d58468c6097c425e89671a7b3f480acf,scene-0885,boston-seaport,n008,40,40,Rain; truck; peds; parked cars; ships,133,0,0,385,18,0,127,65,0,111,217698,29508,111005,0,601173,158887
3289046b886f4c98a676bd7e6a3c6ef1,scene-0886,boston-seaport,n008,41,41,Rain; peds; truck; ships; cones; parked cars; barriers; arrive at intersection,565,0,0,529,0,0,269,121,0,93,251857,47096,113373,31068,475224,165085
857922568e4e4fb89c3ee3010eb93c7c,scene-0887,boston-seaport,n008,40,40,Rain; truck; peds; waiting at intersection,0,0,0,582,0,0,200,0,0,148,55501,7068,59057,1513,168309,166939
dcdea563c77544bb887de11d87619d3c,scene-0888,boston-seaport,n008,40,40,Rain; peds; truck; cones; parked cars; turn right; parking lot; animal,27,0,0,969,0,0,197,105,9,475,244053,26738,176684,64529,348222,311662
53e8446852bf488bb1b09ae032918bbd,scene-0889,boston-seaport,n008,40,40,Rain; wait at intersection; bicycle racks; peds; ped with umbrella; ped crossing crosswalk; ped with bag; parking lot; truck,0,0,0,2052,0,40,201,0,40,690,140857,0,94979,10766,182218,219753
c77e6ecf108c4c8b80d35d84642c805f,scene-0890,boston-seaport,n008,40,40,Rain; parking lot; parked cars; truck; wait at intersection; parked bicycles; peds; barriers,571,0,0,794,0,0,209,0,40,434,135075,0,106471,6170,196586,278658
782f9486adbd4546a492e69b6697ef70,scene-0891,boston-seaport,n008,40,40,Rain; parking lot; parked bicycles; parked cars; bicycle rack; turn left; peds; ped crossing crosswalk; cross intersection; barriers,823,0,0,1826,0,0,396,89,18,309,291554,565,167711,6077,526735,224969
2131d9fd2c48418081875019e35cf6a2,scene-0892,boston-seaport,n008,40,40,Rain; parked cars; barriers; peds; parked bicycle; parked scooter; bicycle rack; parking lot; crossing intersection,395,30,0,1263,6,35,366,102,0,155,269525,4844,162609,137473,367417,437636
3014465d5958427aac89c4f15b6050dd,scene-0893,boston-seaport,n008,40,40,Rain; parked cars; peds; cross intersection; cones; ped crossing crosswalk; parked bicycles; cones,127,28,0,1306,0,0,446,250,0,111,215178,0,192106,2436,822599,358298
65cfdc10a42e499ea704c617e077afe0,scene-0894,boston-seaport,n008,40,40,Rain; parked cars; peds; cones; jaywalker; parked bicycle; turn left,10,60,0,1021,0,0,374,536,0,57,199415,0,192340,0,382545,217638
e083627747d8499a8c4e94c7abf941e2,scene-0895,boston-seaport,n008,41,41,Rain; parked cars; cones; peds; car leaving parking garage; cross intersection; construction site; construction vehicle; barrier,12,0,0,615,29,0,318,226,0,107,400074,0,213283,114400,547980,128170
fd4ef697de684d0a8e016a8f8ae61193,scene-0896,boston-seaport,n008,40,40,Rain; parked cars; peds; construction; fence; flooded road; construction vehicle; truck; parked motorcycles; narrow street; bus; parking lot,8,0,32,565,19,62,109,137,0,82,214354,48206,45750,1895,630630,31878
098c11f50ff2425a9ff994e004de1216,scene-0897,boston-seaport,n008,40,40,Rain; parked cars; parking lot; ped crossing crosswalk; peds,0,0,0,862,0,0,119,0,0,28,171234,0,48320,20844,447749,256474
82aa6c89bbf744a6a5a12cc171d8376e,scene-0898,boston-seaport,n008,40,40,Rain; parked cars; peds; peds crossing crosswalk; stop at red light,0,0,0,714,0,0,335,0,0,40,144477,0,61004,0,489003,33625
881da81bb35a4bdb925e0a2884ee7f0f,scene-0899,boston-seaport,n008,40,40,Rain; parked cars; peds; cross intersection; parking lot; truck; parked bicycle,0,26,16,632,0,0,243,26,0,108,278092,9193,115399,0,747048,22251
7e2d9f38f8eb409ea57b3864bb4ed098,scene-0900,boston-seaport,n008,40,40,Rain; parked cars; peds; parked bicycle; parking lot; truck; turn left,0,31,36,2094,0,0,98,198,40,106,309151,5648,137017,0,522326,795
4c5c675340d14cd88a65b5e22eb9c9c1,scene-0901,boston-seaport,n008,41,41,Rain; parked cars; parking lot; peds; ped crossing crosswalk,31,0,24,2829,0,3,114,95,19,105,257139,1609,140114,77330,412992,178532
727214583a2a478094d4f093d20c7060,scene-0902,boston-seaport,n008,40,40,Rain; parked cars; parked bicycle; parked scooter; bus; cones; peds,0,16,40,1103,0,18,193,22,0,56,167391,0,143886,21978,559696,429942
3e1f0257a4b8457486651de2d16b61ab,scene-0903,boston-seaport,n008,40,40,Rain; wait at intersection; bicycle rack; parked cars; bus; peds; ped crossing crosswalk,0,0,40,872,0,0,225,40,0,40,56871,0,38892,948,201651,211429
c164a8e8e8b8489f964f711f472789be,scene-0904,boston-seaport,n008,41,41,Rain; parked cars; bus; peds; barriers; cross intersection; ped crossing crosswalk; construction site; cones; scooter; arrive at intersection,642,0,34,739,22,15,180,177,0,64,265546,48701,82531,0,503703,251973
d3b86ca0a17840109e9e049b3dd40037,scene-0905,boston-seaport,n008,40,40,Rain; construction site; barriers; cones; peds crossing crosswalk; ship; parked cars; truck; peds; large truck,234,3,0,426,0,13,214,154,49,113,297521,23743,210318,4478,630651,192050
dce6f3f2bf6b4859abcf3268581969d3,scene-0906,boston-seaport,n008,41,41,Rain; parked cars; parked bicycle; peds; cones; cross intersection; parking lot; turning right,0,12,21,931,32,0,139,317,0,244,283532,989,272083,10654,406619,438374
01e4fcbe6e49483293ce45727152b36e,scene-0907,boston-seaport,n008,40,40,Rain; turn right; parked cars; parking lot; peds; bus; truck; waiting,0,0,45,538,0,0,10,19,46,294,165940,3630,114691,93473,177216,1262559
d01e7279da2649ef896dc42f6b9ee7ab,scene-0908,boston-seaport,n008,41,41,Rain; parked cars; truck; parked scooter; cones; ped,48,0,41,503,0,13,22,100,0,138,202684,7400,156146,88927,195037,1078005
7e8ff24069ff4023ac699669b2c920de,scene-0909,boston-seaport,n008,40,40,Rain; ped; cones; parked cars; construction site; construction vehicle; parking lot; barriers,0,0,18,580,27,0,13,442,29,18,571860,161196,198165,98371,478420,363458
a7d073bc435b4356a0a9a5ebfb61f229,scene-0910,boston-seaport,n008,40,40,Rain; parked cars; sign trailer; construction; construction vehicle; crane; cones; truck; ped with umbrella; cross intersection; bicycle; peds crossing crosswalk; bicyclist; potential jaywalkers,397,18,0,735,65,0,80,66,79,132,507955,62693,203216,6319,321204,71239
85651af9c04945c3a394cf845cb480a6,scene-0911,boston-seaport,n008,40,40,Rain; parked cars; trucks; peds crossing crosswalk; peds; parked bicycles; bicycle rack,0,64,0,1033,0,0,136,0,0,87,387407,22005,259599,19244,426621,235865
197a7e4d3de84e57af17b3d65fcb3893,scene-0912,boston-seaport,n008,40,40,Rain; parked cars; trucks; parking lot; construction vehicle,10,0,0,957,91,0,0,72,87,226,321595,3361,150305,48239,249790,101272
55b3a17359014f398b6bbd90e94a8e1b,scene-0913,boston-seaport,n008,40,40,Rain; parked cars; semi trailers; barriers; construction vehicle; parking lot; parked buses,2097,5,161,507,16,0,4,0,70,191,224031,0,13736,263790,244235,200376
a2b005c4dd654af48194ada18662c8ca,scene-0914,boston-seaport,n008,41,41,Rain; parking lot; bicycle rack; buses; jaywalker; parked scooter; arrive at intersection,90,41,68,421,0,24,41,0,23,310,229156,3498,242191,153061,354205,528181
3a2d9bf6115f40898005d1c1df2b7282,scene-0915,boston-seaport,n008,41,41,Rain; parked cars; turn left; peds; bus; truck; ped crossing crosswalk; suitcase; cones,1,8,24,979,0,28,184,72,28,108,220389,20332,103924,957,661023,47114
325cef682f064c55a255f2625c533b75,scene-0916,singapore-queenstown,n015,41,41,Parking lot; bicycle rack; parked bicycles; bus; many peds; parked scooters; parked motorcycle,0,22,41,1598,0,232,427,0,0,86,516386,0,103496,224874,399357,688040
223096a415cc45bf8ecd4c3a42251fd7,scene-0917,singapore-queenstown,n015,41,41,Peds; jaywalkers; nature; parking lot; bus; turn left,0,0,18,483,0,20,278,0,0,0,823807,0,238595,514266,215383,1050124
76ceedbcc6a54b158eba9945a160a7bc,scene-0919,singapore-queenstown,n015,41,41,Greeneries; parking lot; parked car; ped; motorcycle,0,0,0,61,0,12,11,14,0,0,334333,0,112470,106558,565208,1076467
955ff42a1990442d868cdfc0c01583d4,scene-0920,singapore-queenstown,n015,41,41,Motorcycle; parked cars; peds; truck,0,13,0,45,0,28,137,98,0,49,580493,0,112308,693874,430278,640104
112ca771e318478a88cfa692f61ffcac,scene-0921,singapore-queenstown,n015,41,41,Bus; peds; truck; turn left,0,0,22,114,0,0,82,0,0,112,688059,25037,206042,562186,176816,1098144
04219bfdc9004ba2af16d3079ecc4353,scene-0922,singapore-queenstown,n015,41,41,Buses; peds,0,0,98,28,0,0,250,0,0,18,304127,340,73415,298361,423519,601334
ee48ee50025e40b4ae27dbdf84d92825,scene-0923,singapore-queenstown,n015,40,40,Parked cars; peds on sidewalk; peds; trees; pole; intersection,0,0,69,179,26,0,129,0,0,40,306701,7833,118733,498926,428796,439826
32185f91e68f4069ab3cdd2f4f1a4ff1,scene-0924,singapore-queenstown,n015,40,40,Cleaner cleaning street; nature; parked car; trash can; parked vehicles; parked bicycle; parking lot; bump; parked bicycle,10,15,0,305,0,0,48,61,0,56,244116,3372,38253,93129,589854,834236
696a45dbd11346b794fdce43fa0a1770,scene-0925,singapore-queenstown,n015,40,40,Wait; peds crossing crosswalk; bus,0,28,26,147,0,67,193,9,0,32,394376,24154,77188,506474,402810,507763
c4df079d260241ff8015218e29b42ea7,scene-0926,singapore-queenstown,n015,41,41,Intersection; turn right; ped on the sidewalk; cars; stopped car; parked vehicles,0,27,40,266,0,41,82,0,0,38,379617,0,111053,491462,296992,775132
5521cd85ed0e441f8d23938ed09099dd,scene-0927,singapore-queenstown,n015,40,40,Parked cars; peds on sidewalk; peds; trees; intersection,0,0,51,471,0,39,102,147,0,4,591784,0,303692,679061,257811,482519
e036014a715945aa965f4ec24e8639c9,scene-0928,singapore-queenstown,n015,40,40,Peds on sidewalk; parked cars; intersection; peds on sidewalk; turn right; motorcycle; parked vehicles; tree,0,0,59,922,0,84,408,0,0,0,416305,12137,169652,401838,239041,645237
cb3e964697d448b3bc04a9bc06c9e131,scene-0929,singapore-queenstown,n015,40,40,Ped; car; turn right; peds on sidewalk; pole; signboard; intersection,0,0,0,214,0,8,103,0,0,0,238417,1146,137882,429291,331581,555937
a04daf2d0f194b2ab2ff2a47dfebc1d7,scene-0930,singapore-queenstown,n015,40,40,Intersection; ped on sidewalk; motorcycle; parked cars; bushes,0,0,0,516,0,51,59,0,0,0,298605,3561,57063,320033,217567,312514
e60ef590e3614187b7800db3e5284e1a,scene-0931,singapore-queenstown,n015,40,40,Turn right; parked scooters; nature; parking lot; peds; bump; arrive at parking bay,0,0,0,874,0,49,460,7,0,3,460172,958,172829,445201,353164,401693
209e9e9c3a2e4a399c44b6aa8be659d6,scene-0945,singapore-onenorth,n015,41,41,Enter road; turn left; workers; construction; construction vehicle; bus; back up to avoid cone; turn left; many peds,1409,0,67,352,41,0,378,802,0,20,280852,4657,86910,190566,489100,525913
93036f2be8de445aad06b727b848cea5,scene-0947,singapore-onenorth,n015,40,40,Many peds; jaywalker; parked motorcycle; turn left; parked bicycles,0,0,0,138,0,79,772,73,0,32,291356,8310,162543,126746,502502,338945
8461c1125eaf46c7abaf4ee18e8c4ee6,scene-0949,singapore-onenorth,n015,40,40,Parking lot; barriers; people at parking lot; parked bicycle; cones; peds; jaywalker,845,80,0,555,0,14,111,214,0,40,305919,6254,68336,255386,257697,814251
a4fe925930de41489b12b85b77d2f0cb,scene-0952,singapore-onenorth,n015,40,40,Parked vehicles; construction worker; parked bicycle; peds; parked vehicles; jaywalkers; ped carrying object; ped with backpack; cross intersection,0,40,0,274,0,0,240,0,0,39,180897,10804,145503,520054,625702,458613
43017e1e57174925ae241b2ebff7991b,scene-0953,singapore-onenorth,n015,40,40,Peds in sidewalk; parked vehicles; jaywalkers; parked scooter,0,0,0,79,0,16,384,0,0,0,287409,30,294988,14380,964105,537379
f77e66f97d204b5da547f6c007dc2abf,scene-0955,singapore-onenorth,n015,40,40,Parked scooter; peds; parked bicycles; jaywalker; many peds; parked car,0,15,16,234,0,23,359,4,0,0,772583,0,229015,207764,537738,383540
75548269eb0a4614a6f84ab8d7713196,scene-0956,singapore-onenorth,n015,40,40,Many peds; stopped car; peds crossing crosswalk; waiting at red light,0,0,29,509,0,36,536,76,0,0,242577,0,117875,104887,354766,327253
2135a00f664d4a3bbfb938e007befa06,scene-0957,singapore-onenorth,n015,41,41,Waiting at red light; peds; motorcycle,0,0,0,473,0,81,255,0,0,0,153266,0,75808,116164,299054,303389
02e484442a2f411b971edcf96ebbe885,scene-0958,singapore-onenorth,n015,40,40,Motorcycle; peds; ped crossing crosswalk; scooter; parked cars; person getting out of car,0,0,0,398,0,56,302,81,0,32,741918,0,267659,310044,575534,708280
31cb85777b814e0ab6ae6d146964b6ae,scene-0959,singapore-onenorth,n015,41,41,Parked vehicles; person lifting box; ped getting in van; peds; parked motorcycle,0,0,0,317,0,39,337,0,0,0,394164,79,296213,231435,602852,761937
21464a6831c1443db294d1b56a7a33a5,scene-0960,singapore-onenorth,n015,40,40,Parked motorcycle; motorcyclist; parked bicycle; peds; turn left,40,32,0,114,0,32,198,0,0,28,565812,9471,290007,434863,346484,756916
5a2aac9df32945d183fc81924ff148b6,scene-0961,singapore-onenorth,n015,41,41,Construction workers; barriers; construction vehicle; parked car; turn right; parked scooter,375,0,0,87,82,23,158,0,0,82,481831,58098,167856,424504,230160,1462939
2086743226764f268fe8d4b0b7c19590,scene-0962,singapore-onenorth,n015,41,41,Bus; many peds; changing lane; parked van; cones; low traffic,25,0,74,104,106,30,79,90,0,62,394945,598,128814,966741,131633,345921
4efbf4c0b77f467385fc2e19da45c989,scene-0963,singapore-onenorth,n015,40,40,Motorcycle; wait at intersection; cones; cars; bus,837,0,49,373,221,29,0,177,0,67,496487,8985,68151,476152,211287,234616
c92fdd793fbb4401b12782a9b8d4a499,scene-0966,singapore-onenorth,n015,41,41,Many peds; construction; peds unloading trucks; narrow road; avoidance; parked scooter; parking lot; parked bicycles,77,40,0,275,0,53,777,488,0,283,415309,3691,188709,85549,496766,397957
6776b91389394ff18e57b269863b4dbf,scene-0967,singapore-onenorth,n015,41,41,Peds on sidewalk; parked cars; parked motorcycle,0,0,0,183,0,41,496,0,0,32,260554,3889,91900,150080,444028,225796
931c5c57011944459bba3825ab8777a9,scene-0968,singapore-onenorth,n015,41,41,Wait at intersection; peds on sidewalk; turn right; cones; cross intersection,0,0,0,771,0,0,503,145,0,153,365552,26201,116867,209459,495352,246722
aacd6706a091407fb1b0e5343d27da7e,scene-0969,singapore-onenorth,n015,40,40,Cones; cars; many peds; changing lane; parking lot; parked cars; parked motorcycles,0,0,0,920,0,165,525,260,0,97,343573,8535,81894,118536,655879,198530
64bfc5edd71147858ce7446892d7f864,scene-0971,singapore-onenorth,n015,40,40,Cross T junction; peds; parked motorcycles; turn right; jaywalker,0,27,0,1311,0,59,120,0,0,51,270465,0,20379,100579,390795,167014
e005041f659c47e194cd5b18ea6fc346,scene-0972,singapore-onenorth,n015,41,41,Parked bicycles; peds; ped walk along the road; parked cars; motorcycle; bus,0,32,26,978,0,22,72,13,0,0,287985,51,17176,246385,481386,419819
55b44b64f35c48689cdca8c39b672db4,scene-0975,singapore-onenorth,n015,41,41,Wait at intersection; many peds; bus; cars,0,0,36,162,0,0,477,0,0,41,210046,0,38483,208298,144236,690260
7f03cd19d9cc4381a591fca00666d7ed,scene-0976,singapore-onenorth,n015,40,40,Wait at intersection; many peds; cars; peds crossing crosswalk,0,0,0,257,0,0,291,0,0,69,208875,0,59657,209797,130833,613545
1319a9c0288f4ff9ae32d3f33b3bae17,scene-0977,singapore-onenorth,n015,40,40,Wait at intersection; many peds; ped push a trolley; cars; peds crossing crosswalk,0,0,0,281,0,0,384,0,0,100,165471,0,38075,202862,141691,656793
8b93e49bac094cf0a1c3ea983912f89f,scene-0978,singapore-onenorth,n015,41,41,Wait at intersection; cars; motorcycle; many peds,0,0,14,250,0,39,212,0,0,41,258418,28107,55163,292992,141855,715045
8383c0b1422b46ad90e2a64ff3e91fcf,scene-0979,singapore-onenorth,n015,40,40,Many peds; motorcycle; cars; cross intersection; car overtaking us; parked bicycle,494,21,40,243,0,15,135,11,0,33,499886,329,160000,471990,184784,1176576
a2e8f126913b4f72909e06d881dc5a8b,scene-0980,singapore-onenorth,n015,41,41,Construction; many peds; lane blocked; switch lane; workers; bicycle rack; truck; parked scooter,890,0,14,104,19,16,429,561,0,103,345793,5438,154680,284277,576798,575634
2422d2652f4f42298a389a6e0dfef307,scene-0981,singapore-onenorth,n015,41,41,Construction workers; cones; many barrier; truck; construction vehicle; many peds; wait; barriers; construction zone,1543,0,41,199,75,41,401,273,0,82,221639,11166,112957,124554,250671,458980
8fe2dd6f533646b39c8e81316597c52b,scene-0982,singapore-onenorth,n015,41,41,Truck; barrier; many peds; cones; cars; wait behind intersection; construction vehicle; arrive at intersection,1718,0,0,300,79,80,403,324,0,142,201453,11150,70501,142133,223789,426838
76c632788f8c4516bef1c4297f2002f6,scene-0983,singapore-onenorth,n015,40,40,Construction vehicle; cones; peds crossing crosswalk; peds on sidewalk; motorcycle; parked bicycles,746,19,0,258,33,62,321,611,0,66,456102,26744,132905,79332,415868,482749
0be1ff07a8f148ca9535fb7f0deaf828,scene-0984,singapore-onenorth,n015,40,40,Parked bicycles; many peds; jaywalker; turn right,0,0,0,432,0,7,517,69,0,20,308050,18962,73518,154965,542952,383639
37284f813cc74496971ff58f5d37400a,scene-0988,singapore-onenorth,n015,41,41,Parking lot; turn right; cross intersection; parked bicycle; parked motorcycle; peds,0,32,0,1574,0,62,138,0,37,83,287600,0,13952,113362,396160,154883
a4bfab3710d4494aa3c9a443c1bf5573,scene-0989,singapore-onenorth,n015,40,40,Many peds; cross intersection; ped crossing crosswalk; parked bicycle,0,40,0,567,0,6,180,0,16,6,218446,0,22725,174352,279733,246527
7f6043918b234b68a61e6caab7a33346,scene-0990,singapore-onenorth,n015,41,41,Parked bicycles; peds on sidewalk; parking lot; barrier,19,25,0,1060,0,0,168,7,0,14,217049,6150,45806,264155,495378,490856
c2d5a5e7f7dc4e12b967fff22a0e1bf1,scene-0991,singapore-onenorth,n015,41,41,Parking lot; cones; ped on sidewalk,0,0,35,1532,0,0,197,114,0,0,205212,5,0,89190,359992,493928
ca6abd081eaf48689f06b5e8fcc9d369,scene-0992,singapore-queenstown,n015,41,41,Night; ped in dark; parked cars,0,0,0,117,0,13,144,42,0,0,444468,0,155999,867,346507,843261
e71f69d57d944b6cb0ffc516a88b6104,scene-0994,singapore-queenstown,n015,40,40,Night; bump; ped in dark; low traffic; roundabout,0,0,0,65,0,0,77,0,0,0,544309,0,187130,111286,136870,1015075
c6d1085c40614693a046dae3168bdb35,scene-0995,singapore-queenstown,n015,40,40,Night; ped; bus; slope; flyover,0,0,74,38,0,0,92,0,0,0,570864,0,74715,83311,308730,1032569
796e7ae080984a0ab2b96ce80f18ca3b,scene-0996,singapore-queenstown,n015,40,40,Night; gate; bus; bus stop; cyclist; peds,0,0,66,0,0,0,436,0,0,0,360577,32984,123535,32674,591291,775587
599c50b42e294116bd702c9e5cc830a3,scene-0997,singapore-queenstown,n015,41,41,Night; bridge; oncoming cars; scooter; roundabout,0,0,14,218,0,19,15,0,0,0,239571,0,2393,144461,544901,737161
242ac1b59fec4e0c9c200ffca81775e2,scene-0998,singapore-queenstown,n015,40,40,Night; roundabout; bus; ped crossing crosswalk,0,0,99,432,0,22,68,0,0,0,375186,2863,72975,408199,202969,967076
f30849d00388491fa6997a13d56c73fd,scene-0999,singapore-queenstown,n015,40,40,Night; ped; slope; distant cars; view down,0,0,67,507,0,19,39,0,0,21,836484,0,377705,1138540,191383,862828
09f67057dd8346388b28f79d9bb1cf04,scene-1000,singapore-queenstown,n015,41,41,Night; turn right; peds; lights,0,0,0,274,0,0,219,0,0,0,783382,11,223720,413606,415759,1236108
8adaf76e6005413181924e6c83053a21,scene-1001,singapore-queenstown,n015,41,41,Night; bump; bus; peds; lights,7,0,39,139,0,2,369,0,0,0,421435,0,291691,491837,415625,547431
fdf27bbde3e345bd9ac83cbe9a3c813a,scene-1002,singapore-queenstown,n015,40,40,Night; lane change; bump; turn left; peds; peds push stroller; cars,0,0,31,280,0,0,192,0,0,0,811540,6503,408065,40013,184681,1964885
126aa95f38b649fa857d48672c8ad808,scene-1003,singapore-queenstown,n015,41,41,Night; ped running; peds; bus,0,16,22,321,0,0,193,0,0,15,323977,0,98091,265643,147535,936840
edf6a55a70114f6296143ed471251804,scene-1004,singapore-queenstown,n015,41,41,Night; many peds; parking lots,0,0,30,774,0,4,650,113,0,0,612568,196,264192,504135,302827,547461
6e820d4c44b74793aacd0c7091488865,scene-1005,singapore-queenstown,n015,40,40,Night; bus; peds; crosswalk; parking lot,0,0,39,194,0,0,375,71,0,0,576531,0,183542,702040,307689,734868
e12dee10fe2545e4ab88459ed4268bc6,scene-1006,singapore-queenstown,n015,41,41,Night; bus; peds; parked cars; sitting ped,0,0,0,232,0,0,497,78,0,36,190983,0,55861,85156,313182,683090
3032b651c72e4b5c86d4dea1b4930689,scene-1007,singapore-queenstown,n015,40,40,Night; truck; turn left,0,0,0,178,0,0,93,0,0,43,751469,0,221640,551685,543272,884382
c610d0ac2e2045a5972bda66ac42ede3,scene-1008,singapore-queenstown,n015,40,40,Night; peds in dark; lights; scooters; parking garage,0,0,0,289,0,48,91,32,0,0,1201466,0,326622,642887,340153,1520433
ea0979999bf84ee6a6230b1bde7ec723,scene-1009,singapore-queenstown,n015,41,41,Night; peds on sidewalk; slope; motorcycles; parking garage; parked cars,0,0,0,231,0,23,178,122,0,0,300605,0,82890,186891,668128,561432
b2119bd765a94b0cb705424800307bbf,scene-1010,singapore-queenstown,n015,40,40,Night; bus; peds wearing dark clothes; low traffic,0,0,27,40,0,0,123,0,0,0,234039,0,71700,295028,351965,881621
270fe8382f884386b3445143fa946200,scene-1011,singapore-queenstown,n015,40,40,Night; bus; parked cars; peds,0,0,77,33,0,0,143,143,0,0,366407,8163,56450,143006,570825,725881
32bae098e2434a09af1e7983e31fbf5c,scene-1012,singapore-queenstown,n015,40,40,Night; peds; cars,0,0,40,115,0,0,49,0,0,20,222068,0,63357,323417,356948,888228
2bfb95d8ba3a4c11869f4d6635784640,scene-1013,singapore-queenstown,n015,40,40,Night; cars; bus,0,0,52,46,0,0,56,60,0,0,379234,0,71385,220219,582102,681821
29dee0b8210b410a9b3421f0cb39019f,scene-1014,singapore-queenstown,n015,41,41,Night; bump; cars; turn right; bus; peds; ped in dark,0,0,49,310,0,0,118,81,0,0,676441,3865,205193,295833,826841,821842
69a38ccf0894467fbae658d28d4fd10a,scene-1015,singapore-queenstown,n015,40,40,Night; peds; bus stop; turn left; low traffic; bump,0,0,0,102,0,0,186,15,0,0,1034767,4527,391008,845300,141457,906333
f0f7132494bc4045a21868aca13b56f9,scene-1016,singapore-queenstown,n015,40,40,Night; peds; bus stop; bump; ped crossing crosswalk; bus,0,24,26,287,0,0,832,13,0,0,324699,11626,121620,158451,528388,815885
34a9823fac0d4b9db30898e00b5f9f9c,scene-1017,singapore-queenstown,n015,40,40,Night; ped; cars; bump; scooter; congestion,0,12,32,795,0,14,279,16,0,0,231426,3769,65581,452526,175030,1397612
faa975eaad804c85bd8f2da9b30c8d9a,scene-1018,singapore-queenstown,n015,41,41,Night; turn right; cars; bus; bus stop; scooter,0,0,23,330,0,29,232,0,0,0,525476,4500,121045,701137,177395,807284
d4d2faa310a748dda508d15c6d5c4244,scene-1019,singapore-queenstown,n015,40,40,Night; scooter; light; peds crossing crosswalk; bus stop,104,0,32,270,0,38,1367,0,0,0,645045,6764,255993,1128824,288918,620349
7bbc6931b39b4ba3834240618fc4a4c2,scene-1020,singapore-queenstown,n015,40,40,Night; peds; bus; bus stop,0,0,19,15,0,0,341,0,0,0,202828,19603,80765,186845,205648,347221
fee7ac5f5c1e4943877cd20d6e069427,scene-1021,singapore-queenstown,n015,40,40,Night; peds in dark; arrive at intersection; bus,0,0,59,55,0,0,179,0,0,6,647303,5538,194870,432709,208553,339831
797700339b014fb6aa61c1ea3778d587,scene-1022,singapore-queenstown,n015,40,40,Night; bus; bump; scooter; peds; very dark; lights,0,34,69,196,0,0,258,0,0,0,536504,0,130320,551832,419207,664290
d9161e521b1644cea4cb9e3f21ef9f79,scene-1023,singapore-queenstown,n015,40,40,Night; bus; wait,0,0,40,293,0,0,147,0,0,0,267165,0,170997,534268,251913,585680
19640fe4b6894f97b16e0faad51432b4,scene-1024,singapore-queenstown,n015,40,40,Night; peds; bus,0,0,40,418,0,24,40,0,0,0,589242,20249,212276,731347,138083,816870
2a334f5c4615465f86a250d4758a2d7d,scene-1025,singapore-queenstown,n015,40,40,Night; peds; parked cars; cyclist,0,4,0,307,0,40,90,68,0,0,295112,0,101532,54069,340249,745026
f634de95cc7043b8b38ceaac67d472cf,scene-1044,singapore-hollandvillage,n015,41,41,Night; motorcycles; dense traffic; congestion; arrive at intersection,19,0,28,622,0,48,24,0,0,67,421024,0,41071,131972,310562,788767
8d8728879b89405eba3f8ce1af138cb2,scene-1045,singapore-hollandvillage,n015,41,41,Night; wait at intersection; dense traffic; motorcycles; truck,0,0,97,546,0,49,41,0,0,82,213708,23662,14337,39267,201877,471587
4f679c8f8f6d4f5d8466253dda4733ba,scene-1046,singapore-hollandvillage,n015,40,40,Night; wait at intersection; dense traffic; motorcycle; bus,0,0,80,776,0,48,39,0,0,80,181990,27388,7604,32229,210483,421529
cd9db61edff14e8784678abb347cd674,scene-1047,singapore-hollandvillage,n015,41,41,Night; dense traffic; congestion; motorcycles,0,0,0,794,0,63,0,0,0,13,161755,17248,8941,34923,197276,513630
2175d0e84f224ea69907e5c338bde395,scene-1048,singapore-hollandvillage,n015,40,40,Night; dense traffic; congestion; motorcycle; turn right,0,0,0,916,0,40,0,9,0,47,610051,17083,99232,163702,340926,833029
9544516643a14926bf750fc71c1b307d,scene-1049,singapore-hollandvillage,n015,40,40,Night; bump; motorcycle; bus; high speed; trash bins; residential area,0,0,14,198,0,68,0,21,0,0,622406,0,99552,192804,629300,535348
e631037169574c67944176bf079ee75c,scene-1050,singapore-hollandvillage,n015,40,40,Night; many trash cans; followed by scooter; bus; truck; parked bicycle; bus stop; motorcycle; high speed,0,9,25,279,0,59,0,0,0,19,408298,2185,92199,325703,553026,525970
bc5daf905b854dbc8944811c4b7c319d,scene-1051,singapore-hollandvillage,n015,40,40,Night; bus; motorcycle; bus stop,0,0,0,211,0,51,0,0,0,15,220783,2093,109977,396381,228689,772346
390f81ac97474695a727d688240e6fba,scene-1052,singapore-hollandvillage,n015,40,40,Night; bump; parked car; trash bin,0,0,0,279,0,0,17,4,0,0,257112,0,104982,65616,638461,515073
4ed628299b1e45a3a73704e8cf8287a9,scene-1053,singapore-hollandvillage,n015,41,41,Night; rain; bump; peds; congestion; parked car,91,4,0,459,0,63,90,12,0,0,236282,5424,125822,90393,569653,705334
add2303ca41d445c8339e05769745fc0,scene-1054,singapore-hollandvillage,n015,40,40,Night; turn left; bumps; lightning,0,0,0,117,0,0,0,9,0,0,150140,0,82013,110127,785613,532929
2376fcdd28a44b83962289664cee55b7,scene-1055,singapore-hollandvillage,n015,41,41,Night; bump; dark; ped in dark,0,0,0,174,0,0,12,0,0,0,251762,0,68183,211253,685175,613994
16c90eedfc7943a5a4c64e84d18876a2,scene-1056,singapore-hollandvillage,n015,40,40,Night; construction; trash bins; bump; residential area,97,0,0,277,0,0,14,34,0,0,346924,0,92164,32936,652830,616455
102b894332464704900264216480a8f7,scene-1057,singapore-hollandvillage,n015,41,41,Night; trash cans; dark; nature; slope; bump; car; low traffic; high speed,0,0,0,59,0,0,0,14,0,0,204050,0,0,152981,238156,720468
bfe368f8c6a44efcb323a82f6974a9a6,scene-1058,singapore-hollandvillage,n015,40,40,Night; nature; car; turn; peds in sidewalk; trash bin,0,0,0,71,0,0,36,21,0,0,239989,14617,118374,18703,448404,999408
034dee1695304630b0692da8c1f153fc,scene-1059,singapore-hollandvillage,n015,40,40,Night; residential; car turning,0,6,0,142,0,0,0,25,0,0,180986,0,16015,78355,502920,506185
7052d21b95fc4bae8761b8d9524f3e42,scene-1060,singapore-hollandvillage,n015,40,40,Night; rain; turn; ped in dark,0,0,0,44,0,0,0,0,0,0,320410,0,97348,100764,439587,1116472
e8099a6136804f3bb9b38ff94d98eb64,scene-1061,singapore-hollandvillage,n015,41,41,Night; turn; trash can; residential,0,0,0,118,0,0,0,0,0,0,180897,5812,128640,26230,333320,895551
e6f1a7e6218a4737bfedc6af90926b3e,scene-1062,singapore-hollandvillage,n015,40,40,Night; difficult lighting; parked bicycle; wait at intersection; construction,259,16,0,142,0,0,0,39,0,0,178419,0,45182,143185,221383,1022860
6af9b75e439e4811ad3b04dc2220657a,scene-1063,singapore-hollandvillage,n015,40,40,Night; bump; ped; difficult lighting; trash bins; residential area,0,0,0,142,0,0,0,0,0,0,207961,1465,100090,186960,644016,598893
f97bf749746c4c3a8ad9f1c11eab6444,scene-1064,singapore-hollandvillage,n015,40,40,Night; trash cans; wait for scooter; turn right; parking lot,0,0,0,250,0,23,0,0,0,0,285793,123,255530,59477,704016,662677
bd338b912ce9434995b29b6dac9fbf1d,scene-1065,singapore-hollandvillage,n015,40,40,Rain; Night; bump; motorcycle; difficult lighting; overtake parked car,0,0,0,97,0,18,0,0,0,0,192337,2832,114268,73396,522220,723616
afbc2583cc324938b2e8931d42c83e6b,scene-1066,singapore-hollandvillage,n015,40,40,Night; bump; scooter; difficult lighting,0,0,0,198,0,92,0,0,0,0,243226,92,85061,85580,612145,547963
16be583c31a2403caa6c158bb55ae616,scene-1067,singapore-hollandvillage,n015,40,40,Night; rain; bump; ped in dark; arrive at intersection,0,0,0,349,0,0,29,0,0,12,169587,0,133130,68713,632151,476117
e8834785d9ff4783a5950281a4579943,scene-1068,singapore-hollandvillage,n015,40,40,Night; wait at intersection; motorcycle; turn left,0,0,0,281,0,38,5,0,0,19,139605,0,113853,68683,416643,534644
d29527ec841045d18d04a933e7a0afd2,scene-1069,singapore-hollandvillage,n015,40,40,Night; truck; congestion; parked bicycle,0,11,0,562,0,0,14,0,0,46,228179,9138,84652,471462,355466,925487
85889db3628342a482c5c0255e5347e9,scene-1070,singapore-hollandvillage,n015,41,41,Night; congestion; peds; motorcycle,0,0,0,268,0,22,18,0,0,29,205943,1421,74779,428265,235615,810143
0dae482684ce4cd69a7258f55bc98d73,scene-1071,singapore-hollandvillage,n015,40,40,Night; scooters; peds; parked bicycle; bus stop; cross intersection;  ped with bag near road,0,12,0,126,0,37,54,0,0,10,334532,0,266782,246563,541265,640793
82cabcf15a1a48aca6bbf082f8710e39,scene-1072,singapore-hollandvillage,n015,40,40,Night; bus stop; scooter; trash can pushable / pullables; residential,0,0,0,247,0,40,0,18,0,0,473964,0,500598,8200,674424,564920
6498fce2f38645fc9bf9d4464b159230,scene-1073,singapore-hollandvillage,n015,40,40,Night; scooters; turn left; dense traffic,0,0,0,491,0,76,0,0,0,73,337225,47806,138096,27942,256693,717170
865c607c8ef44f13b39744a0de110740,scene-1074,singapore-hollandvillage,n015,40,40,Night; rain; high speed; bus stop; bus; peds; parked bicycle,0,7,7,139,0,0,27,0,0,16,247378,33845,270162,253539,285011,709333
277af8c7487f4f24bd2953d4dc8d11ff,scene-1075,singapore-hollandvillage,n015,40,40,Night; bus; parked cars; bus stop; peds; trash cans; high speed,0,0,12,130,0,17,18,0,0,0,644258,150,99081,185791,630773,513685
7061c4fa99a44d02af4a3e2689be4457,scene-1076,singapore-hollandvillage,n015,41,41,Night; trash cans; scooter; ped; turn left,0,0,0,282,0,32,24,61,0,16,957820,2079,136959,297426,644157,774736
d25718445d89453381c659b9c8734939,scene-1077,singapore-hollandvillage,n015,41,41,Night; big street; bus stop; high speed; construction vehicle,145,0,28,713,11,12,0,0,0,0,412770,0,118740,87609,290697,759471
c949ec2cca7047bdb67dce64b6c3586a,scene-1078,singapore-hollandvillage,n015,40,40,Night; big street; high speed; scooters; bus; lane change,29,0,21,324,10,5,0,0,0,0,495846,14381,139583,96944,247530,755818
f98a50e675b14266a6c53cb25a0351fa,scene-1079,singapore-hollandvillage,n015,40,40,Night; big street; high speed; arrive at intersection,0,0,0,392,0,0,0,0,0,0,249998,5861,72442,120345,164537,778956
a1e7cd557b9541dbb00822ea0c56204b,scene-1080,singapore-hollandvillage,n015,40,40,Night; big street; dense traffic; scooters,0,0,0,731,0,20,20,0,0,0,484433,34724,11694,353514,170087,657970
26c089d84086473e87607ae5c6ae85c6,scene-1081,singapore-hollandvillage,n015,40,40,Night; rain; big street; congestion; cars; scooter; arrive at intersection,0,0,0,438,0,45,127,0,0,0,398554,0,89430,131252,423435,564769
400b708de5d7434d8964da4a0246d164,scene-1082,singapore-hollandvillage,n015,40,40,Night; big street; wait at intersection,0,0,0,564,0,12,134,0,0,0,185086,0,23030,88384,218302,391912
567fcd99d0dc4fa088f52b047f4ebdcf,scene-1083,singapore-hollandvillage,n015,40,40,Night; big street; bus; scooter; turn right,0,0,120,570,0,20,219,0,0,0,387581,2314,50094,115711,344802,483930
affb0caa5d2948f98cee5c42c7aefc1c,scene-1084,singapore-hollandvillage,n015,41,41,Night; scooter; peds; bus stop; parked cars; wait,0,14,86,699,0,73,600,0,0,0,567162,3312,171753,245123,656317,588309
8d267899e2e843d4905fafd1f12c0a20,scene-1085,singapore-hollandvillage,n015,41,41,Night; many peds; parked bicycles; turn left; parked scooters; congestion; peds with bags; cars in parking garage on second floor; trash cans,0,100,0,467,0,63,869,0,0,9,644996,7848,287451,57223,911678,855425
1b5ef5ecb2084b89aa0314d65f25d9e1,scene-1086,singapore-hollandvillage,n015,40,40,Night; bumps; parked car; peds; trash cans,0,0,0,113,0,0,187,0,0,0,179473,0,92357,43100,700926,435282
f143809fc26c4bb296f4f367b0954c26,scene-1087,singapore-hollandvillage,n015,40,40,Night; residential area; low traffic; turn right; bump; ped in dark; parked bicycle,0,36,0,34,0,0,86,0,0,0,233488,0,96039,0,909747,445067
fe4fdd7a28754baeac7074ad78f55a52,scene-1088,singapore-hollandvillage,n015,40,40,Night; peds; trash cans; ped walking dog; turn right; parked car,0,25,0,109,0,0,87,0,0,0,432129,448,138943,136807,852824,655860
980ddcb62e294608bd4235b0dfd517f4,scene-1089,singapore-hollandvillage,n015,40,40,Night; turn left; bump; trash cans; turn left; ped in dark,0,11,0,96,0,0,81,0,0,0,297897,0,104680,82586,722953,666336
6d8cb5391245464c9de1c412819df210,scene-1090,singapore-hollandvillage,n015,40,40,Night; trash cans; parked car; ped in dark; reflections in water,0,0,0,116,0,0,55,0,0,0,183571,0,40287,41467,695109,401595
24d0c3ea8a2049468201c055667d6bc3,scene-1091,singapore-hollandvillage,n015,41,41,Night; parked cars; peds; turn right; dog; jaywalkers; trash bins,0,0,0,160,0,0,98,0,0,0,322833,0,99217,125006,652863,658540
d2db9f5df62c4d338d3bed43f616b954,scene-1092,singapore-hollandvillage,n015,41,41,Night; many peds; many trash cans; ped with bag; stopped taxi; delivery scooter; arrive at intersection,0,0,0,256,0,53,645,0,0,0,363130,0,161591,134825,692434,498602
1be49200788d4e38ae4496b27b233ccb,scene-1093,singapore-hollandvillage,n015,41,41,Night; wait at intersection; peds crossing crosswalk; peds sidewalk; personal mobility device,0,34,0,449,0,5,1635,0,0,41,168055,0,113343,25529,511513,438720
de7d80a1f5fb4c3e82ce8a4f213b450a,scene-1094,singapore-hollandvillage,n015,40,40,Night; after rain; many peds; PMD; ped with bag; jaywalker; truck; scooter,0,73,49,571,0,21,1062,0,0,0,508181,41778,197481,70065,652407,702582
a2b64d02c5fa4b9bab671a97561b6b33,scene-1095,singapore-hollandvillage,n015,40,40,Night; rain; lane change; cross intersection; scooter; bus; arrive at intersection,0,0,35,176,0,33,373,4,0,0,683846,60619,165842,528062,490318,560801
9771da5dd7bb4657be34365619e39dab,scene-1096,singapore-hollandvillage,n015,41,41,Night; wait at intersection; peds crossing crosswalk; scooter,0,0,41,371,0,6,367,0,0,82,191519,17700,73715,149090,450586,291256
3ace9decdd1f4ea0915b9862c95ca128,scene-1097,singapore-hollandvillage,n015,40,40,Night; scooter; start at intersection; turn right; ped crossing crosswalk; bus,0,0,97,498,0,14,156,0,0,0,232032,14131,112677,152038,581002,453888
cdeb0e85e43e481a87b2251351e10c2f,scene-1098,singapore-hollandvillage,n015,40,40,Night; peds; scooter; bus; waiting at intersection,0,0,154,364,0,24,463,0,0,0,139626,22726,57978,141795,459176,440269
b57e1a48e584451f8f966ab083c8d07d,scene-1099,singapore-hollandvillage,n015,40,40,Night; wait at busy intersection; peds; scooter on sidewalk; attempt to turn right,0,32,97,462,0,9,536,0,0,0,161190,32168,57812,130680,462605,444491
e233467e827140efa4b42d2b4c435855,scene-1100,singapore-hollandvillage,n015,40,40,Night; peds in sidewalk; peds cross crosswalk; scooter; PMD; difficult lighting,0,0,75,378,0,101,402,0,0,0,187986,13079,115030,181676,555491,489953
cfa36eca40364e5bb15f550a077a21c5,scene-1101,singapore-hollandvillage,n015,40,40,Night; buses; peds; rain; right turn,0,0,51,301,0,0,177,40,0,0,589476,13478,327749,345232,755364,424160
04e5f089805540a5a9e73c1b7c54ee8c,scene-1102,singapore-hollandvillage,n015,40,40,Night; rain; scooter; cars; high speed; cross intersection; arrive at intersection,119,0,0,205,10,9,0,0,0,40,542742,72733,168938,43920,324405,965114
e3b6fe9201c64334be311d4249a0c80e,scene-1104,singapore-hollandvillage,n015,41,41,Night; truck; rain; cross intersection,0,0,32,629,0,56,0,0,0,66,343604,12368,22571,103429,377363,627173
692fe09aecae4b1a94f8a3bceedd9b7c,scene-1105,singapore-hollandvillage,n015,40,40,Night; ped; avoid parked car; parked cars,0,0,0,116,0,0,10,2,0,0,307880,712,100923,36480,667867,441085
e5514b8f435e475cac4eba74b44773b5,scene-1106,singapore-hollandvillage,n015,40,40,Night; rain; high speed; scooter; bus stop; low traffic; bus,6,0,9,155,7,5,0,0,0,0,468076,15,147843,96449,197824,745053
89f20737ec344aa48b543a9e005a38ca,scene-1107,singapore-hollandvillage,n015,41,41,Night; rain; high speed; scooter; dense traffic at other lane,0,0,27,409,35,16,9,0,0,0,438587,2917,209042,143016,168134,678734
d3c39710e9da42f48b605824ce2a1927,scene-1108,singapore-hollandvillage,n015,40,40,Night; wet front camera; rain; bus; wait at intersection; scooters,0,0,55,453,0,45,80,0,40,0,176531,1317,35347,69088,228513,333197
7ed1b613f0ee47ceaf6d19ca3947f825,scene-1109,singapore-hollandvillage,n015,39,39,Night; rain; bus; lightning,0,0,39,383,0,0,117,0,0,0,269649,3577,42210,27227,281283,484204
57146b2ebf10432f84b15a3038fe1755,scene-1110,singapore-hollandvillage,n015,40,40,Night; rain; bus; turn right; peds; bus stop,0,4,80,654,0,0,457,0,0,0,756823,9703,53714,442902,465239,764494
