scene_token,name,description,location,vehicle,num_samples,duration_s,part,night,rain,construction,pedestrians,busy,turn,parked,bikes,trucks
73030fb67d3c46cfb5e590168088ae39,scene-0001,"Construction, maneuver between several trucks",singapore-onenorth,n015,40,19.49957,1,False,False,False,False,False,False,False,False,False
c3e0e9f6ee8d4170a3d22a6179f1ca3a,scene-0002,"Intersection, peds, waiting vehicle, parked motorcycle at parking lot",singapore-onenorth,n015,40,19.500185,1,False,False,False,True,False,True,True,True,False
e7ef871f77f44331aefdebc24ec034b7,scene-0003,"Parking lot, barrier, exit parking lot",singapore-onenorth,n015,40,19.250217,1,False,False,True,False,False,False,False,False,False
25496f19ffd14bd088cb430bfc01a4d7,scene-0004,"Random scene, arrive at intersection, cross intersection, jaywalkers",singapore-onenorth,n015,40,19.449828,1,False,False,False,False,False,True,False,False,False
6f5133fe62b240e797bac25aeff8b531,scene-0005,"Overtaken by taxi, construction site",singapore-onenorth,n015,39,18.901292,1,False,False,False,False,False,False,False,False,False
7deb4760e2244f32b57f9d631b535b66,scene-0006,"Sitting construction worker, parked bicycle, ped walking along road, construction vehicle, worker sitting on back of van",singapore-onenorth,n015,40,19.499594,1,False,False,False,True,False,False,True,True,True
bc219c0fa63b43b4b9dddab47fce1fef,scene-0007,"Van overtaking us, peds, jaywalker, bicycle rack, turn left",singapore-onenorth,n015,39,19.099796,1,False,False,False,True,False,True,False,True,False
9a61a88ed9094334a73aa93c08222110,scene-0008,"Several moving pedestrians, parked cards and motorcycle",singapore-onenorth,n015,40,19.101455,1,False,False,False,True,False,False,True,True,False
dd61533869aa48f2aaa7e8a6418bdbe6,scene-0009,"Peds crossing, parked cars, garbage, peds waiting",singapore-onenorth,n015,40,19.199903,1,False,False,False,True,False,False,True,False,False
daa9fce50073470398da3c2bccdaf21b,scene-0010,"Parked motorcycle, person pickung up garbage, pass construction vehicles and entrance to construction site",singapore-onenorth,n015,40,19.351994,1,False,False,False,False,False,False,True,True,False
c075fbdd97124beaba95bc5c25149f30,scene-0011,"Turn left, pass trucks on both sides, construction workers, sleeping construction workers, garbage, parked cars",singapore-onenorth,n015,40,19.500147,1,False,False,False,False,False,True,True,False,False
265f002f02d447ad9074813292eef75e,scene-0012,"Nature, bus stop, parked cars, bus exits from the intersection",singapore-onenorth,n015,40,19.497934,1,False,False,False,False,False,True,True,False,True
41fde20fedcd4d22ab26811688612870,scene-0013,"Follow bus, parked cars, trash cans, parked bicycles, nature",singapore-onenorth,n015,40,19.151807,1,False,False,False,False,False,False,True,False,True
d1e57234fd6a463d963670938f9f556e,scene-0014,"Follow bus, cross intersection, nature",singapore-onenorth,n015,40,19.25017,1,False,False,False,False,False,True,False,False,True
813213458a214a39a1d1fc77fa52fa34,scene-0015,"Narrow road, following bus, bus on opposite lane, parked cars",singapore-onenorth,n015,40,19.398941,1,False,False,False,False,False,False,True,False,True
efa5c96f05594f41a2498eb9f2e7ad99,scene-0016,"Turn left, people on both sides, parked vans",singapore-onenorth,n015,40,19.497947,1,False,False,False,False,False,True,True,False,False
3dd9ad3f963e4f588d75c112cbf07f56,scene-0017,"Barriers, peds, arriving at busy intersection",singapore-onenorth,n015,40,19.249639,1,False,False,False,True,True,True,False,False,False
b51869782c0e464b8021eb798609f35f,scene-0018,"Merge left, turn into unloading zone",singapore-onenorth,n015,40,19.398964,1,False,False,False,False,False,True,False,False,False
de943e246dad4ad686de98008a634ecf,scene-0019,"Turn left, waiting peds, turn left",singapore-onenorth,n015,40,19.248543,1,False,False,False,True,False,True,False,False,False
4d475873416a4860900f5af213e0027c,scene-0020,"Turn right, walking peds, pedestrian in blind spot in couple of frames, car park exit",singapore-onenorth,n015,39,19.050054,1,False,False,False,True,False,True,False,False,False
03ee880dd4e348f4b3407f0d073c7c70,scene-0021,"Wait at intersection, jaywalkers, parking lot, parked bicycle, turn right, construction, truck",singapore-onenorth,n015,40,19.398969,1,False,False,False,False,False,True,True,True,True
7e3a6bdd6c6f4c8fb018cff404974446,scene-0022,"Barriers, construction, lane switch, turn left",singapore-onenorth,n015,40,19.400059,1,False,False,False,False,False,True,False,False,False
d0880a386b6d434bb5cd13c134af7a3e,scene-0023,"Overtake parked car, bus turning, motorcycle",singapore-onenorth,n015,40,19.399505,1,False,False,False,False,False,True,True,True,True
d7ebcbbd26d849b384c11bec8df28a9b,scene-0024,"Intersection, peds in cafe, parked motorcycle, ped crossing",singapore-onenorth,n015,40,19.350847,1,False,False,False,True,False,True,True,True,False
0c601ff2bf004fccafec366b08bf29e2,scene-0025,Ped crossing street in front of ego vehicle,singapore-onenorth,n015,40,19.348673,1,False,False,False,True,False,False,False,False,False
b79d940da8df43d09ee972c2414ffeca,scene-0026,"Parked cars, peds on the roadside",singapore-onenorth,n015,39,19.049457,1,False,False,False,True,False,False,True,False,False
1d4db80d13f342aba4881b38099bc4b7,scene-0027,"Delivery motorcycle turns left, veh turn right",singapore-onenorth,n015,40,19.499572,1,False,False,False,False,False,True,False,True,False
3a1850241080418b88dcee97c7d17ed7,scene-0028,"Taxi parked on road, bicycle rack, many peds, many jaywalkers, parked bicycles, ped exiting taxi, ped crossing traffic light, lane change, peds crossing crosswalk",singapore-onenorth,n015,40,19.398972,1,False,False,False,True,False,False,True,True,False
6520b5f0d568414c973f791b30ee1548,scene-0029,"Waiting, peds crossing intersection",singapore-onenorth,n015,40,19.151226,1,False,False,False,True,False,True,False,False,False
82aef599650d462db73731b7ff40918b,scene-0030,"Two parked motorcycles, overtake",singapore-onenorth,n015,40,19.498483,1,False,False,False,False,False,False,True,False,False
f444b757d7e2444c889da10f02b73491,scene-0031,"Construction, workers sitting on grass, garbage",singapore-onenorth,n015,40,19.399499,1,False,False,False,False,False,False,False,False,False
9047b53fd41540649dce014a128cbe1b,scene-0032,"Turn left, motorcycle driving, ped sitting",singapore-onenorth,n015,40,19.499587,1,False,False,False,True,False,True,False,True,False
6e81ee0f64274490a403bbd6482c2bf9,scene-0033,"Low traffic, following bus",singapore-onenorth,n015,40,19.349673,1,False,False,False,False,False,False,False,False,True
bb73edb93a0a46c4be997c576e9beb61,scene-0034,"No traffic, dead end street, overtake parked truck",singapore-onenorth,n015,39,19.050567,1,False,False,False,False,False,False,True,False,True
3dd2be428534403ba150a0b60abc6a0a,scene-0035,"Parking lots, trash can, bump, scooter, peds, potential jaywalkers, bus stop, oncoming bus",singapore-onenorth,n015,40,19.200449,1,False,False,False,True,False,False,False,True,True
5a0dd8908a3a459b83ec5eb6ac7d0f82,scene-0036,"Parked bicycle, construction, peds, workers, construction vehicle, bike racks",singapore-onenorth,n015,40,19.449806,1,False,False,False,True,False,False,True,True,True
2f56eb47c64f43df8902d9f88aa8a019,scene-0038,"Parked construction vehicles, peds, garbage",singapore-onenorth,n015,40,19.500154,1,False,False,False,True,False,False,True,False,False
8edbc31083ab4fb187626e5b3c0411f7,scene-0039,"Busy street, parked cars, parking lot, ped sitting at bus stop, motorcycle driving",singapore-onenorth,n015,40,19.450382,1,False,False,False,True,True,False,True,True,True
359f9c029ae44e1d9d47c05bc7915561,scene-0041,"Turn left, arrive at busy intersection, red light",singapore-onenorth,n015,40,19.298294,1,False,False,False,False,True,True,False,False,False
c6c092a66329470f836714f46b92d59b,scene-0042,"Parked cars, many peds, parked bicycles, trash can, parking lots",singapore-onenorth,n015,41,19.500124,1,False,False,False,True,False,False,True,False,False
70368a18644046f898ab836fc8a3c03f,scene-0043,"Busy intersection, oncoming traffic, construction zone on the left",singapore-onenorth,n015,39,19.200452,1,False,False,False,False,True,True,False,False,False
8758419c03ab47a59ea6d6620176f3a3,scene-0044,"Truck turns, parked cars, bump, bikes",singapore-onenorth,n015,40,19.249659,1,False,False,False,False,False,False,True,False,True
eac3102e4cc24d4b95532bcc711a902f,scene-0045,"Full parking lot, peds, exiting from car park",singapore-onenorth,n015,39,19.050546,1,False,False,False,True,False,False,False,False,False
798e8504b4364d378270333a349ef508,scene-0046,"Busy intersection, ped crossing, waiting for traffic light, construction zone on the left",singapore-onenorth,n015,39,19.050031,1,False,False,False,True,True,True,False,False,False
4047f251c21a475abb49518e0fa6fa9e,scene-0047,"Construction workers close to road, vehicle turn out, cross intersection",singapore-onenorth,n015,40,19.401154,1,False,False,False,False,False,True,False,False,False
cf550d9670274ac1a7f274fbacb39c48,scene-0048,"Construction, narrow road, construction workers, heavy construction vehicles, right turn",singapore-onenorth,n015,40,19.400064,1,False,False,False,False,False,True,False,False,False
095d9b93b583425f910ae2afaf1d017d,scene-0049,"Construction, barriers behind net, parked trucks, excavators, turn left",singapore-onenorth,n015,39,19.297212,1,False,False,False,False,False,True,True,False,False
9a81caa3d5134d7f87ee4786ccef68f7,scene-0050,"Narrow street, seveal peds, shadows, turn left, parked motorcycle",singapore-onenorth,n015,39,19.147398,1,False,False,False,True,False,True,True,True,False
0e37d4a357db4246a908cfd97d17efc6,scene-0051,"Pass parked vehicles, peds, arrive at intersection",singapore-onenorth,n015,39,19.299501,1,False,False,False,True,False,True,True,False,False
37b32e4e8cf846679b2c0cb342dbd4aa,scene-0052,"Oncoming car in the same lane, overtake parked car, turn left",singapore-onenorth,n015,40,19.300499,1,False,False,False,False,False,True,True,False,False
6d4b2bd795ae4c66900ad98ccd2371a6,scene-0053,"Cross intersection in group of cars, peds, bike rack",singapore-onenorth,n015,39,19.250213,1,False,False,False,True,False,True,False,True,False
8b43539a55374b6c8ed60c95a42d63a2,scene-0054,"Turn left, many parked heavy trucks, workers",singapore-onenorth,n015,39,19.151244,1,False,False,False,False,False,True,True,False,False
446af4b1d7da4735a607bc3e45c2e0b3,scene-0055,"Bus stop left, parked cars right, oncoming bus",singapore-onenorth,n015,40,19.15013,1,False,False,False,False,False,False,True,False,True
83773bcf46ac486383529098de0542dd,scene-0056,"Peds, nature, construction, trash can, parked truck, turn right",singapore-onenorth,n015,41,19.501265,1,False,False,False,True,False,True,True,False,True
433a14f8dcf5457fb2c4def5c749122a,scene-0057,"Jaywalkers, parked bike and scooter, parked car on the main road",singapore-onenorth,n015,39,19.39838,1,False,False,False,False,False,False,True,True,False
9a1188aba4bf458c8220818a6c0be55a,scene-0058,"Construction, strange cleaning vehicle parked on our lane",singapore-onenorth,n015,39,19.149564,1,False,False,False,False,False,False,True,False,False
dcd5bc29543747e28ef02816dd458290,scene-0059,"Wait at intersection, bike on sidewalk, worker blowing leaves",singapore-onenorth,n015,41,19.499585,1,False,False,False,False,False,True,False,True,False
bb028034cb474e3da8953f83752a70a9,scene-0060,"Wait at intersection, bike on sidewalk, worker blowing leaves, bicycle crossing",singapore-onenorth,n015,40,19.400056,1,False,False,False,True,False,True,False,True,False
cc8c0bf57f984915a77078b10eb33198,scene-0061,"Parked truck, construction, intersection, turn left, following a van",singapore-onenorth,n015,39,19.149566,1,False,False,False,False,False,True,True,False,True
762e6aac0d6f4c1b9b0286ab4b2da654,scene-0062,"Change lane, parked cars, overhead walkways",boston-seaport,n008,39,19.14957,1,False,False,False,False,False,False,True,False,False
a8819942e8bb43b6a832c56dfb78cfc6,scene-0063,"Exit passage, parking lot, flag, trucks, wait at intersection",boston-seaport,n008,39,19.250204,1,False,False,False,False,False,True,False,False,False
7ad94b6e54f641208bf59cba6bb55220,scene-0064,"Parking lots, oncoming special electrical vehicle",boston-seaport,n008,40,19.40062,1,False,False,False,False,False,False,False,False,False
59530445fcc04c2090bfaf63f342f794,scene-0065,"Wait at intersection, truck, peds, turn right, parking lot",boston-seaport,n008,40,19.249491,1,False,False,False,True,False,True,False,False,True
30e77a3561ce4f1bb4fd90e322ea29d7,scene-0066,"Parking lots, parked truck, construction, congestion, worker directing traffic, passing cars",boston-seaport,n008,39,19.34866,1,False,False,False,False,True,False,True,False,True
cb0cd06a1dd84271968466d7b65e48f8,scene-0067,"Exit construction, ped on crosswalk, construction workers, parking lot",boston-seaport,n008,40,19.398824,1,False,False,False,True,False,False,False,False,False
b0b26c1e5a1140e69598422f12ae1dc0,scene-0068,"Two turning trucks, wait, turn left",boston-seaport,n008,39,19.051111,1,False,False,False,False,False,True,False,False,False
a5d7cc4bf3404cccb89932d94ccb9da6,scene-0069,"Turn left, peds near parked bus, bird",boston-seaport,n008,40,19.400616,1,False,False,False,True,False,True,True,False,True
c0cb50847c3949a0b4baf2e200ac897c,scene-0070,"Peds, ped with bag, bus stop, parking lot, turn right, follow cyclist, trailers, turn left",boston-seaport,n008,40,19.401169,1,False,False,False,True,False,True,False,False,True
860ef56791a947baadb27dd00bd5d4b3,scene-0071,"Parked trucks, construction vehicles, road blocked relative to baseline route, find deviation",boston-seaport,n008,40,19.500155,1,False,False,False,False,False,False,True,False,False
fbf27198b3424e28ab1de2a12eb3dc4a,scene-0072,"Wait at intersection, running ped",boston-seaport,n008,40,19.150132,1,False,False,False,True,False,True,False,False,False
5557f4edc1464442812293e2ea90a586,scene-0073,"Parked scooter, flock of pigeons, person sitting on top of bench, two trucks passing, turn right",boston-seaport,n008,40,19.399017,1,False,False,False,False,False,True,True,True,False
78c5f7d7b547483c906d8524a8c3190f,scene-0074,"Wait at intersection, turn left, bike rack, parked cars, peds",boston-seaport,n008,40,19.15012,1,False,False,False,True,False,True,True,True,False
01c3f5e39956402da3e37845632fadca,scene-0075,"Parked cars, oncoming semi, two oncoming bikes, parked motorcycle, bike rack",boston-seaport,n008,39,18.999548,1,False,False,False,False,False,False,True,True,False
e9a94a93c36a4adb831eb67ec8bdf289,scene-0076,"Turn right, follow cyclist, turn right",boston-seaport,n008,40,19.249105,1,False,False,False,False,False,True,False,False,False
7365495b74464629813b41eacdb711af,scene-0092,"Drive through passage, peds walking alongside lane",boston-seaport,n008,40,19.250184,1,False,False,False,True,False,False,False,False,False
cba3ddd5c3664a43b6a08e586e094900,scene-0093,"Turn right, parking lots, cross intersection",boston-seaport,n008,39,19.099839,1,False,False,False,False,False,True,False,False,False
91c071bcc1ad4fa1b555399e1cfbab79,scene-0094,"Oncoming cyclist, cars, wait at intersection",boston-seaport,n008,40,19.400052,1,False,False,False,False,False,True,False,False,False
b4b82c4d338a4b6d86835388ce076345,scene-0095,"Wait at intersection, peds occluded, start driving",boston-seaport,n008,39,19.048932,1,False,False,False,True,False,True,False,False,False
68e79a88244f447f993a72da444b29ba,scene-0096,"Cross busy intersection, cyclist nearby, construction barriers and cones",boston-seaport,n008,39,19.099809,1,False,False,False,False,True,True,False,False,False
2eb4d7f00e584a548aa0b899638bfb0a,scene-0097,"Wait at red light, turns green, cross intersection",boston-seaport,n008,39,19.250772,1,False,False,False,False,False,True,False,False,False
c65c4acf86954f8cbd53a3541a3bfa3a,scene-0098,"Parked cars, peds, bus stop, bicycle rack, sign trailer, bicyclist, ped carrying object, bridge",boston-seaport,n008,39,19.150111,1,False,False,False,True,False,False,True,True,True
5af9c7f124d84e7e9ac729fafa40ea01,scene-0099,"Parked vans, switch lane, construction zone in the right, bike following in rear, passed by active motorcycle",boston-seaport,n008,39,19.052342,1,False,False,False,False,False,False,True,True,False
afd73f70ff7d46d6b772d341c08e31a5,scene-0100,"Wait at red light, oncoming cyclist, peds, parked bicycle, parked construction car",boston-seaport,n008,40,19.400624,1,False,False,False,True,False,False,True,True,False
01452fbfbf4543af8acdfd3e8a1ee806,scene-0101,"Concrete mixer spinning, traffic cones, wait at red light, move onto bridge, lane change",boston-seaport,n008,40,19.400546,1,False,False,False,False,False,False,False,False,False
ddb615d9bb22484cabc6545b632a1025,scene-0102,"Turn right at intersection, cross bridge, many peds",boston-seaport,n008,40,19.349833,1,False,False,False,True,False,True,False,False,False
fcbccedd61424f1b85dcbf8f897f9754,scene-0103,"Many peds right, wait for turning car, long bike rack left, cyclist",boston-seaport,n008,40,19.400637,2,False,False,False,True,False,True,False,True,False
c525507ee2ef4c6d8bb64b0e0cf0dd32,scene-0104,"Start car, cross intersection, skyscraper occluded by traffic light, parked bicycles, parked cars, cross intersection",boston-seaport,n008,39,19.050038,2,False,False,False,False,False,True,True,False,False
2ed0fcbfc214478ca3b3ce013e7723ba,scene-0105,"Parking lots, peds, parked cars, cars on elevated bridge, truck",boston-seaport,n008,39,19.049479,2,False,False,False,True,False,False,True,False,True
bed67ef03c4a4066a74f6c0117d512ee,scene-0106,"Drive between buildings under construction, slow down at intersection, several traffic cones and temporary barriers",boston-seaport,n008,40,19.405495,2,False,False,False,False,False,True,False,False,False
3b2ee26cb8484f77895bc336663df502,scene-0107,"Cross busy intersection, bendy bus changing lane",boston-seaport,n008,40,19.398401,2,False,False,False,False,True,True,False,False,True
a178a1b5415f45c08d179bd2cacdf284,scene-0108,"Construction zone, waiting for car to pass, turn right",boston-seaport,n008,39,19.250184,2,False,False,False,False,False,True,False,False,False
fb73d1a6c16147ee9416faf6b310fadb,scene-0109,"Cross roundabout, construction vehicle, ped walking along the road side",boston-seaport,n008,40,19.401166,2,False,False,False,True,False,False,False,False,True
d87ec0461e3f4c4ea29b0f0c0ede5167,scene-0110,"Parked car with open bonnet, parked cars, oncoming truck, oncoming cyclists",boston-seaport,n008,40,19.348626,2,False,False,False,False,False,False,True,False,True
a1ca2ba59ac9452fb3da60019bf32c71,scene-0120,"Parked motorcycles, parking lot, wait at intersection, truck, ped very close to ego-vehicle",singapore-onenorth,n015,40,19.500153,2,False,False,False,True,False,True,True,False,True
ce2d6bdc33084dc1a2780f41f6740e06,scene-0121,"Peds, follow motorcycle, motorcycle turns right",singapore-onenorth,n015,40,19.499616,2,False,False,False,True,False,False,False,True,False
e6cb595f6df44b3999db28c65f2244ac,scene-0122,"Fast motorcycle on street ahead, stop, parked bicycles, turn right",singapore-onenorth,n015,39,18.999733,2,False,False,False,False,False,True,True,True,False
cb3ef7b7ef124983b336c781f134cdfb,scene-0123,"Monument, truck, peds, turn left, downhill",singapore-onenorth,n015,40,19.500142,2,False,False,False,True,False,True,False,False,True
bed8426a524d45afab05b19cf02386b2,scene-0124,"Many peds, parked buses, parked cars",singapore-onenorth,n015,40,19.199874,2,False,False,False,True,False,False,True,False,False
36fbee38a28543ea9e27a67d64e1dee4,scene-0125,"Many parked cars, animal, many peds, wait at intersection",singapore-onenorth,n015,40,19.249673,2,False,False,False,True,False,True,True,False,False
00590cbfa24a430a8c274b51e1c71231,scene-0126,"Delayed left turn, jaywalker, parking lot, bus stops, parked bicycle, truck, turn right",singapore-onenorth,n015,40,19.251335,2,False,False,False,False,False,True,True,True,True
52b30ecd104a4f4eab6f8f5684a73e56,scene-0127,"Enter car park, jaywalker, parked motorcycles, pass a bus",singapore-onenorth,n015,40,19.500127,2,False,False,False,False,False,False,True,False,True
5c9bd7ead37e4aa9989f7909f3a78baa,scene-0128,"Parking lot, parked scooters, parked cars, ped, cross crosswalk, bump, parked bicycle",singapore-onenorth,n015,40,19.44815,2,False,False,False,True,False,False,True,True,False
ef5f216134a94e308697ab4c75402a20,scene-0129,"Parking lot, cross crosswalk, go over bump, construction, peds, scooter on main road",singapore-onenorth,n015,40,19.449849,2,False,False,False,True,False,False,False,True,False
dc6235e2281943548084c484cb38b876,scene-0130,"Peds crossing at crosswalk, drive along parked cars, ped, workers kneeling",singapore-onenorth,n015,40,19.35033,2,False,False,False,True,False,False,True,False,False
8857cf15fa7049a6b000490835d3b9fc,scene-0131,"Parking lot, peds",singapore-onenorth,n015,40,19.40008,2,False,False,False,True,False,False,False,False,False
4f28b42169f4404cbab4b43476e13885,scene-0132,"Parked cars, turn left, parked bus",singapore-onenorth,n015,40,19.349747,2,False,False,False,False,False,True,True,False,True
f57957ebc5654b649a0786d993b64be4,scene-0133,"Drive through parking lot, stopped bus, parked scooters, parked motorcycles, peds, parked trucks, approach barrier",singapore-onenorth,n015,40,19.349184,2,False,False,True,True,False,False,True,False,True
d90b94e8bfd446cd9407f48665122268,scene-0134,"Approach intersection, fence, turn left, peds in sidewalk",singapore-onenorth,n015,40,19.349696,2,False,False,False,True,False,True,False,False,False
4db0eee3b82d49b198c1a411cf7f7d68,scene-0135,"Heavy traffic, sitting peds, parked motorcycles, 2 jaywalkers, turn right, busy intersection",singapore-onenorth,n015,39,19.150687,2,False,False,False,True,True,True,True,False,False
7365754410624f2f85087003f4ed41ad,scene-0138,"Bus stop, parked bicycles, bus stop, bicycle rack, peds",singapore-onenorth,n015,40,19.350845,2,False,False,False,True,False,False,True,True,True
01c8c59260db4a3682d7b4f8da65425e,scene-0139,"Ped standing, ped sitting, two parked motorcycles on road",singapore-onenorth,n015,40,19.350297,2,False,False,False,True,False,False,True,False,False
1fbcc26ebf6948bb964d3ae74939e8ea,scene-0149,"Wait at intersection, turn left, bushes, bus stops, peds, parking lot",singapore-onenorth,n015,40,19.349184,2,False,False,False,True,False,True,False,False,True
94f224a2a36c4bbbab59120cc6c31f6e,scene-0150,"Oncoming scooter, scooters, busy intersection, walking peds",singapore-onenorth,n015,39,19.100444,2,False,False,False,True,True,True,False,True,False
ba76f4185aa34ed3bff467ac640da902,scene-0151,"Turn right, busy intersection, construction, peds, parked bicycles, construction vehicle, motorcycle",singapore-onenorth,n015,40,19.050033,2,False,False,False,True,True,True,True,True,True
bd210a5bc7004d8c94b68cf6366612a2,scene-0152,"Parked bicycles, bump, overtake parked buses, irregularly parked cars",singapore-onenorth,n015,39,19.251863,2,False,False,False,False,False,False,True,False,False
12cd5f88732749a58725528bb3d86958,scene-0154,"Turn left, peds at restaurant, parked bicycles, autonomous vehicle, parked vehicles, passing at narrow street, taxi, ped with bag, sitting ped",singapore-onenorth,n015,39,19.000254,2,False,False,False,True,False,True,True,False,False
cd1a8954ff904333bb13fa1a6ee526fd,scene-0155,"Jaywalkers, turn left, stop for ped crossing, turn left, peds sitting in a restaurant",singapore-onenorth,n015,39,19.14954,2,False,False,False,True,False,True,False,False,False
d0b2d916178a402a842c88f394d7d7e8,scene-0157,"Passing scooter, wait at intersection, turn right",singapore-onenorth,n015,40,19.249701,2,False,False,False,False,False,True,False,True,False
c0d3796765e2452d990309b2568adac5,scene-0158,"Worker stopped ego car, worker removes cones, follow truck, heavy traffic, construction, peds",singapore-onenorth,n015,40,19.400582,2,False,False,False,True,True,False,False,False,True
73d9a36f20594e658020ebfc5b0ba74a,scene-0159,"Peds crossing crosswalk, barrier being pushed across crosswalk, turn left, peds",singapore-onenorth,n015,39,19.150103,2,False,False,True,True,False,True,False,False,False
9eaabad9385b4fe1b9f397edead326ac,scene-0160,"Wait for oncoming car to pass, narrow road, parked cars",singapore-onenorth,n015,40,19.401171,2,False,False,False,False,False,False,True,False,False
0d2cc345342a460e94ff54748338ac22,scene-0161,"Car overtaking, parking lot, peds, ped exiting car, objects on the ground",boston-seaport,n008,40,19.399485,2,False,False,False,True,False,False,False,False,False
bc4fd5a05a004333b9411754630f4cba,scene-0162,"Leaving parking lot, parked cars, hidden ped",boston-seaport,n008,40,19.400592,2,False,False,False,True,False,False,True,False,False
6ab3d1e9476d4cd89d4949d69d056901,scene-0163,"Drive along street with dozens of parked cars, bicycle rack",boston-seaport,n008,40,19.400601,2,False,False,False,False,False,False,True,True,False
75a4ec12042542149b0a77a0a10d6330,scene-0164,"Turn into narrow street, parked cars, parked motorcycles",boston-seaport,n008,39,19.150677,2,False,False,False,False,False,True,True,False,False
8fbbe701baf641359129ea166e1674ec,scene-0165,"Pass crane, truck and construction workers, long loaded truck",boston-seaport,n008,40,19.400051,2,False,False,False,False,False,False,False,False,True
15e1fa06e30e438a98430cc1fd0e8a69,scene-0166,"Leaving narrow street, many cars",boston-seaport,n008,39,19.149666,2,False,False,False,False,True,False,False,False,False
448cf480b0b8400a86881d28c2c5f734,scene-0167,"Pass parked trucks, sitting pedestrians, turn right",boston-seaport,n008,40,19.250221,2,False,False,False,True,False,True,True,False,False
bef135921f374f838bf0badae55cac83,scene-0168,"Parking lot, peds, parked cars, parked scooters, eletronic display",boston-seaport,n008,40,19.400565,2,False,False,False,True,False,False,True,False,False
ab6eea0e06c84f70be411a9d36636a7a,scene-0170,"Turn left, truck parked in the middle of the street, ego vehicle coming to full stand",boston-seaport,n008,40,19.349171,2,False,False,False,False,False,True,True,False,True
2ffd7e2a1daf4b928464ddb2ed3dca59,scene-0171,Densely parked trucks,boston-seaport,n008,40,19.400568,2,False,False,False,False,False,False,True,False,False
634a8c5835e44aec912604a9a1972a5d,scene-0172,"Bus indicates turn but does not go, overtake bus",boston-seaport,n008,40,19.250173,2,False,False,False,False,False,True,False,False,True
8931a57994764c9b945a7a1b352c9ae5,scene-0173,Drive along road barriers,boston-seaport,n008,40,19.397824,2,False,False,False,False,False,False,False,False,False
fd5a3c6d3ad44954a8045edbe9d93763,scene-0174,"Reflections, parked cars, trucks",boston-seaport,n008,40,19.401142,2,False,False,False,False,False,False,True,False,False
7cf32f906f50415786414ce8bbe10e9b,scene-0175,"Truck, parked vehicles, bicycle, special trailer, parked car, parked bicycle",boston-seaport,n008,40,19.400067,2,False,False,False,False,False,False,True,True,True
c7492bdc08f8450fa580b7787331f0c9,scene-0176,"Parked cars, extra-long bendy bus, banners, arrive at intersection, turn right, truck",boston-seaport,n008,39,19.251818,2,False,False,False,False,False,True,True,False,True
fcb40dc8514444c49b1fdc06f80a123b,scene-0177,Parking toll gate,singapore-queenstown,n015,40,19.49956,2,False,False,False,False,False,False,False,False,False
f4395dd8e4004f12a8dec3079a93d804,scene-0178,"Parking lot, parked motorcycles, turn right, jaywalker",singapore-queenstown,n015,39,19.102019,2,False,False,False,False,False,True,True,False,False
2538a745a83f430eb590d48b4743e179,scene-0179,"Ped walking to the ego car, parked truck ahead, parking lot",singapore-queenstown,n015,40,19.452063,2,False,False,False,True,False,False,True,False,True
4431d97ea17044ad9c09c13d16684054,scene-0180,Parking lot with lots of parked cars,singapore-queenstown,n015,39,19.098668,2,False,False,False,False,False,False,True,False,False
c9c28de6e66442f7921858f1ebbec3ef,scene-0181,"Turn left, toll gate, oncoming bus",singapore-queenstown,n015,40,19.250729,2,False,False,False,False,False,True,False,False,True
2c1f2e5096434cd78919b2ae442d4ba4,scene-0182,"Peds, bus stop, taxi, narrow road, parking lot, slope",singapore-queenstown,n015,40,19.401176,2,False,False,False,True,False,False,False,False,True
c67b72f4a0bd4f2b96ecbd0e01c58232,scene-0183,"Parked motorcycle, bike, parking driveway, parked cars",singapore-queenstown,n015,40,19.49959,2,False,False,False,False,False,False,True,True,False
93032908bafd484ea10a39b0d5d3fff6,scene-0184,"Many trees, narrow road",singapore-queenstown,n015,40,19.500149,2,False,False,False,False,False,False,False,False,False
b886756c3fd641eeba9dda3932e196c0,scene-0185,"Parking bay, peds, ped hesitates to cross, ego car stops, ped crossing",singapore-queenstown,n015,40,19.49789,2,False,False,False,True,False,False,False,False,False
019b370afb444a2e8ce85654898307c8,scene-0187,"Bump, turn right, ped attempting to walk in front of car, jaywalker",singapore-queenstown,n015,39,19.098136,2,False,False,False,True,False,True,False,False,False
928ee3a8c5a84497a6360fe70a4e921e,scene-0188,"Ego vehicle starts, many peds, parked bicycles, bus stop",singapore-queenstown,n015,32,15.748899,2,False,False,False,True,False,False,True,False,True
c04cdbbe744c4da08d3df61c47d5cc94,scene-0190,"Nature, wait for traffic light",singapore-onenorth,n015,40,19.349746,2,False,False,False,False,False,False,False,False,False
f9e460f092c94466b1211704b5a8859d,scene-0191,"Turn left, parking lot",singapore-onenorth,n015,40,19.350839,2,False,False,False,False,False,True,False,False,False
1fa63d31aaa7459383b4414715cd12db,scene-0192,"Stopped for cars at T-junction, jaywalker, turn left",singapore-onenorth,n015,40,19.500716,2,False,False,False,False,False,True,False,False,False
2ce2df158372461fa91ce77455656f81,scene-0193,"Vegetation, parking lot, turning cars",singapore-onenorth,n015,40,19.350269,2,False,False,False,False,False,True,False,False,False
04061484361145f5ac6f90a5103b84a6,scene-0194,"Parked car starts to move, two bicycles lying in grass, construction zone, speed reduce, peds",singapore-onenorth,n015,40,19.40061,2,False,False,False,True,False,False,True,False,False
b487d499e93e44caaf6c3dc884225fa2,scene-0195,"Narrow road, bus, reduce speed for stopped car, peds",singapore-onenorth,n015,40,19.19877,2,False,False,False,True,False,False,False,False,True
6bb64043c9db4f51b7a69e7260ed4f6e,scene-0196,"Nature, cross intersection, bus, bus stop, truck turning",singapore-onenorth,n015,40,19.349191,2,False,False,False,False,False,True,False,False,True
c324de94562d41498a2d4b7d51c5ce78,scene-0199,"Parked cars, ped",boston-seaport,n008,40,19.501796,2,False,False,False,True,False,False,True,False,False
670e01eb31b64b509db5290531254203,scene-0200,"Parked cars, parking lot",boston-seaport,n008,39,19.05001,2,False,False,False,False,False,False,True,False,False
53c92676ef334011bd4689494ac11fa0,scene-0202,"Parked cars, jaywalker, peds, parked bicycle",boston-seaport,n008,39,19.000272,2,False,False,False,True,False,False,True,True,False
8e1f7ff7dc9940da8eeca3c06ae1aa4d,scene-0203,"Construction, bus, turn right, crane, parked cars, ped crossing crosswalk, ped with backpack, parking lot",boston-seaport,n008,40,19.300536,2,False,False,False,True,False,True,True,False,True
5e30d846d2344ec2addfb664799d1899,scene-0204,"Parked cars, peds in sidewalk, narrow road",boston-seaport,n008,39,19.049452,2,False,False,False,True,False,False,True,False,False
fc61f52dcc1b4def95a278665d23af00,scene-0206,"Parked cars, peds, ped with luggage",boston-seaport,n008,39,19.050014,2,False,False,False,True,False,False,True,False,False
210add02013a4dfa84b7c5e23058781f,scene-0207,"Heavy veh, peds, stopped by a truck",boston-seaport,n008,40,19.299996,2,False,False,False,True,False,False,False,False,True
1959c8f440a340fda3ea2cac0ac528ec,scene-0208,Stopped at stop line,boston-seaport,n008,40,19.499557,2,False,False,False,False,False,False,False,False,False
875e9b8b63b54263ba1edeb21faadea8,scene-0209,"Heavy vehicles, container",boston-seaport,n008,39,19.049473,2,False,False,False,False,False,False,False,False,False
2e3c0f308fcf4664bf7994053d7080b9,scene-0210,"Parked vehicles, construction vehicle, container, peds, excavator, cranes, parking lot, turn left, worker sitting on trunk of pickup truck",boston-seaport,n008,40,19.250753,2,False,False,False,True,False,True,True,False,True
ed22649f50454a6ab71356780b2a2454,scene-0211,"Parked cars, construction area, construction vehicles",boston-seaport,n008,39,19.051191,2,False,False,False,False,False,False,True,False,False
1ecfbad2023f4b17b542801a21375e3f,scene-0212,"Parked cars, oncoming heavy veh",boston-seaport,n008,40,19.298305,2,False,False,False,False,False,False,True,False,False
69295e26c8d146de94ea5307d8d74819,scene-0213,"Jaywalkers, peds, approaching intersection",boston-seaport,n008,39,19.0495,2,False,False,False,True,False,True,False,False,False
2bbff07f5b4248eab483ddcf91cfa848,scene-0214,"Parked truck, ped, sitting peds, parked cars, overtake at t junction",boston-seaport,n008,39,19.000829,2,False,False,False,True,False,False,True,False,True
febc1800b9ed432d96aee5ecf0156831,scene-0218,"Parking lot, walking peds, close-up peds, not moving",boston-seaport,n008,40,19.30115,2,False,False,False,True,False,False,False,False,False
bc8f2774ff4946d3965a807a6aa1b64f,scene-0219,"Stopped at t junction, parked cars, cars",boston-seaport,n008,39,19.048846,2,False,False,False,False,False,False,True,False,False
81227a12571240e0b9d537165f57e177,scene-0220,"Parking lot, parked bikes in bike rack, peds",boston-seaport,n008,40,19.500144,3,False,False,False,True,False,False,True,True,False
acc29386502047339e1ec6b9c7e512d2,scene-0221,"Pedestrian crossing, stopped vehicle",singapore-onenorth,n015,39,19.100425,3,False,False,False,True,False,False,False,False,False
129304d659464b0fb3a51c99eaec114a,scene-0222,"Jaywalkers, traffic police, sitting jaywalkers, parked car and peds",boston-seaport,n008,40,19.350295,3,False,False,False,True,False,False,True,False,False
60111bb5388f4195b98555d4d4b89618,scene-0224,"Peds crossing crosswalk, arrive at intersection, barrier, ped with backpack, heavy truck",boston-seaport,n008,39,19.150689,3,False,False,True,True,False,True,False,False,True
eae0cfe3be5f44a5be4f3e2c961397ed,scene-0225,"Wait at intersection, construction, peds crossing crosswalk, turn right, parking lot",boston-seaport,n008,40,19.350303,3,False,False,False,True,False,True,False,False,False
7ad327c8827849ed91136bb2d04acec9,scene-0226,"Heavy veh, turning heavy veh",boston-seaport,n008,40,19.100249,3,False,False,False,False,False,True,False,False,False
87a71839e68b46da8e91fb5f21b50c1c,scene-0227,"Heavy traffic flow, stopped at red light",boston-seaport,n008,39,19.056049,3,False,False,False,False,True,False,False,False,False
aad7d3bf3c7a47ad9cb93d9b92ed38ee,scene-0228,"Many parked cars, sign trailer, crane, bicyclist on sidewalk, bike rack",boston-seaport,n008,40,19.399518,3,False,False,False,False,False,False,True,True,True
2755560e05784e5cbc76619793d36e86,scene-0229,"Many parked cars, delivery van, peds, bicyclist, bridge, bus, truck",boston-seaport,n008,40,19.40061,3,False,False,False,True,False,False,True,False,True
d91c7213cd1c48ae86a30bd82fc4fd25,scene-0230,"Parked cars, construction zone",boston-seaport,n008,40,19.399534,3,False,False,False,False,False,False,True,False,False
52678e6091214431bf9f3b41e5eeaa24,scene-0231,"Wait at stop line, peds crossing crosswalk, construction, excavator",boston-seaport,n008,40,19.349732,3,False,False,False,True,False,False,False,False,False
7599adab7f3944dc8ac1c88b4f3bb082,scene-0232,"Wait at stop line, bicycle riding inside construction zone",boston-seaport,n008,40,19.400616,3,False,False,False,False,False,False,False,True,False
9e7d5adad1514dd79292e9318b7a443c,scene-0233,"A number of pedestrians crossing, pedestrian with suitcase",boston-seaport,n008,40,19.497929,3,False,False,False,True,False,False,False,False,False
0053e9c440a94c1b84bd9c4223efc4b0,scene-0234,"Truck, light turns green, peds, parked cars, right turn",boston-seaport,n008,40,19.349145,3,False,False,False,True,False,True,True,False,True
fb3aaad97849430cbc32891319c9be10,scene-0235,"Parked cars, stopped behind the truck, peds, ped on wheelchair",boston-seaport,n008,39,19.001434,3,False,False,False,True,False,False,True,False,True
2ba06ef7b3b44cbfad6d771981d86af9,scene-0236,"Peds, congestion, parked cars",boston-seaport,n008,40,19.501712,3,False,False,False,True,True,False,True,False,False
22daa579e9d54040b3f76a4eeef3a587,scene-0237,"Overtake heavy truck, stopped at intersection",boston-seaport,n008,39,19.150665,3,False,False,False,False,False,True,False,False,True
724957e51f464a9aa64a16458443786d,scene-0238,"Many peds, ped with pet, stopped bicycle, truck, cross intersection, car makes a u-turn, lane changing, peds crossing crosswalk, parked bicycle",boston-seaport,n008,40,19.099746,3,False,False,False,True,False,True,True,True,True
1977a1c98a6c4eb79fbc2a6dc0da9b0f,scene-0239,"Peds waiting to cross the road, peds crossing, close-up peds",boston-seaport,n008,40,19.396752,3,False,False,False,True,False,False,False,False,False
d865cb18632040fdb4cb06b6e3331cdb,scene-0240,"Peds crossing road, overtake cars, truck passing by",boston-seaport,n008,39,19.250011,3,False,False,False,True,False,False,False,False,True
dc9ef63b61394d3d8effeb51919f2144,scene-0241,"Overtake large truck, peds, parked bicycle",boston-seaport,n008,40,19.399959,3,False,False,False,True,False,False,True,True,True
19f47b8941094af29b8db20b255717fc,scene-0242,"Heavy vehs, waiting at intersection for red light, cyclist",boston-seaport,n008,40,19.501806,3,False,False,False,False,False,True,False,False,False
28e4134bcd664522907277f1ceec2893,scene-0243,"Semi truck, stopped at red light",boston-seaport,n008,40,19.250221,3,False,False,False,False,False,False,False,False,True
c9d654d4279c4efa9745a25ba6b373ee,scene-0244,"Ped walking, stopped at red light",boston-seaport,n008,40,19.44976,3,False,False,False,True,False,False,False,False,False
bcb05cffb5814973a6cff4fbdca2b99b,scene-0245,"Parked cars, peds, bridge, car overtaking ego vehicle, high speed, construction sign board, construction",boston-seaport,n008,39,19.250761,3,False,False,False,True,False,False,True,False,False
d1ac8e27ba8944a4a42a488cf2fedd74,scene-0246,"Traffic cones, overtake parked car, Construction zone in right, peds crossing",boston-seaport,n008,40,19.448162,3,False,False,False,True,False,False,True,False,False
93bdbe60d6d0495cbb39d6c811554905,scene-0247,"Construction vehicle, cone, lots of barriers, construction zone, cluster of pedestrians",boston-seaport,n008,39,19.100928,3,False,False,True,True,False,False,False,False,True
36b7b02f0f034f0595e3437a85554151,scene-0248,"Wait at intersection, many peds",boston-seaport,n008,40,19.502922,3,False,False,False,True,False,True,False,False,False
35ecd252b8ee4cbc83376148e192a803,scene-0249,"Many peds, ped crossing road, parked cars",boston-seaport,n008,40,19.450404,3,False,False,False,True,False,False,True,False,False
892ed06c432448fe87ecb5d31756f14a,scene-0250,"Peds crossing road, bridge",boston-seaport,n008,40,19.50068,3,False,False,False,True,False,False,False,False,False
75ebb308bea04317adbc25554d5cd7f5,scene-0251,"Cars, peds, bicycle, heavy traffic",boston-seaport,n008,40,19.499582,3,False,False,False,True,True,False,False,True,False
7ca5e90766dc4b7bb6a9b3b0d95c99da,scene-0252,"Many peds, parked bicycles, jaywalkers, arrive at intersection, cars",boston-seaport,n008,40,19.249668,3,False,False,False,True,False,True,True,False,False
7d6006ae9d8f406aa99756156ea4f70a,scene-0253,"Moving cars, parked cars, heavy traffic",boston-seaport,n008,40,19.50016,3,False,False,False,False,True,False,True,False,False
55c853d5aab04850a8059dc95e62c2ad,scene-0254,"Parked cars, long corridor, parking lot, flag, arrive at intersection",boston-seaport,n008,40,19.499606,3,False,False,False,False,False,True,True,False,False
6207269cb9474c14b01f9610b2ee30aa,scene-0255,"Parking lot, turn left",boston-seaport,n008,40,19.451488,3,False,False,False,False,False,True,False,False,False
4959ccdac5774a088d0c9e10667f09f1,scene-0256,"Pass by a jaywalker, parked car, stopped at red light",boston-seaport,n008,39,19.200415,3,False,False,False,False,False,False,True,False,False
b0be2e24e2234947867c7f555f6f59d2,scene-0257,"Wait at intersection, heavy trucks, bicyclist",boston-seaport,n008,40,19.499007,3,False,False,False,False,False,True,False,False,False
aa45d94630be481787f20121ce89a605,scene-0258,"Parked cars, cone, active cars, construction vehicle",boston-seaport,n008,40,19.399648,3,False,False,True,False,False,False,True,False,True
5e270cfc71714e2bb94bad445c6159a4,scene-0259,"Busy intersection, tram bus, construction sign board, many peds, turn right, parked cars",boston-seaport,n008,40,19.499047,3,False,False,False,True,True,True,True,False,True
3d42cd90a8184d9ebd3bb85b6416314d,scene-0260,"Waiting at red light, in front of turning cars, active bicycle in the right",boston-seaport,n008,40,19.50074,3,False,False,False,False,False,True,False,True,False
14b96c255dee4a838a8d401302ac2852,scene-0261,"Ped mending a bus, lots of barriers",boston-seaport,n008,40,19.448709,3,False,False,False,True,False,False,False,False,True
d654cae175de44319ace178994ed0329,scene-0262,"Peds crossing, turn right, construction",boston-seaport,n008,40,19.500694,3,False,False,False,True,False,True,False,False,False
cffc45a1565446fab5014afb3da169e8,scene-0263,"Turning heavy truck, parked cars",boston-seaport,n008,40,19.500134,3,False,False,False,False,False,True,True,False,True
9833ac6de5ae418f9e6d0eeb58e72beb,scene-0264,"Parked cars, parked bicycles",boston-seaport,n008,40,19.248019,3,False,False,False,False,False,False,True,False,False
c3ab8ee2c1a54068a72d7eb4cf22e43d,scene-0268,"Construction zone, stopped at red light, parked cars",singapore-onenorth,n015,39,19.149554,3,False,False,False,False,False,False,True,False,False
9f1f69646d644e35be4fe0122a8b91ef,scene-0269,"Parked bicycles, peds sitting outside the restaurant, parked scooter",singapore-onenorth,n015,40,19.249652,3,False,False,False,True,False,False,True,True,False
2ca15f59d656489a8b1a0be4d9bead4e,scene-0270,"Peds, pedestrian walk on the roadside, motorcycles",singapore-onenorth,n015,40,19.49958,3,False,False,False,True,False,False,False,False,False
8180a1dbbba3479bb0c7f4ff6e9a3f0e,scene-0271,"Overtake parked car, parked bicycle",singapore-onenorth,n015,39,19.099249,3,False,False,False,False,False,False,True,True,False
080a52cb8f59489b9cddc7b721808088,scene-0272,"Stopped for oncoming car, motorcycle",singapore-onenorth,n015,39,19.202623,3,False,False,False,False,False,False,False,True,False
1aa633b683174280b243e0a9a7ad9171,scene-0273,"Barriers, peds loading car trunk, luggage on sidewalk, parked bicycles, lane change",singapore-onenorth,n015,39,19.499052,3,False,False,False,True,False,False,True,False,False
9709626638f5406f9f773348150d02fd,scene-0274,"Peds, construction zone, construction workers, barriers, cars, jaywalker",singapore-onenorth,n015,40,19.351417,3,False,False,False,True,False,False,False,False,False
8377abf77f464a9cb62eacf63f383422,scene-0275,"Peds, bus, barriers, stopped at intersection",singapore-onenorth,n015,40,19.250785,3,False,False,False,True,False,True,False,False,True
201b7c65a61f4bc1a2333ea90ba9a932,scene-0276,"Intersection, peds, cars, scooter, parked bicycle",singapore-onenorth,n015,40,19.398937,3,False,False,False,True,False,True,True,True,False
848ac962547c4508b8f3b0fcc8d53270,scene-0277,"Jaywalker, peds, parked bike",singapore-onenorth,n015,40,19.14843,3,False,False,False,True,False,False,True,True,False
91f797db8fb34ae5b32ba85eecae47c9,scene-0278,"Motorcycle suddenly rushes out, truck, peds",singapore-onenorth,n015,40,19.500691,3,False,False,False,True,False,False,False,True,True
2d8e61ea27fd419ba9b708488e3f2f10,scene-0283,"Parking lot, right turn, approach policeman handling traffic",boston-seaport,n008,40,19.449275,3,False,False,False,False,False,True,False,False,False
4284a8d9b40d42edb9725543db91381e,scene-0284,"Police lets us pass, left turn, ped stand beside the parked car, parking lot",boston-seaport,n008,39,19.100898,3,False,False,False,True,False,True,True,False,False
26540bfbab79463cb1ba76b52ec6013b,scene-0285,"Cross intersection, construction, barriers, construction worker walking along the barriers",boston-seaport,n008,40,19.500148,3,False,False,False,False,False,True,False,False,False
363bb6c0fdaf465aa54c39f082bb92c6,scene-0286,"Wait at intersection, turn right, follow and overtake truck and bus",boston-seaport,n008,40,19.499061,3,False,False,False,False,False,True,False,False,True
ab8bf18dfce14db4b8213b88f5dc1429,scene-0287,"Overtake heavy truck, stopped motorcycle, parking lot, peds, arrive at intersection",boston-seaport,n008,40,19.500165,3,False,False,False,True,False,True,False,True,True
5ab815cbcfee494499e41151890d6d8f,scene-0288,"Ped crossing, crane crossing intersection, two big trucks moving, moving construction vehicle",boston-seaport,n008,40,19.499585,3,False,False,False,True,False,True,False,False,True
9a442b0f6b7a41568b3e4f7b7ba58402,scene-0289,"Dense traffic, car overtaking us, digital traffic sign, parked cars, bike rack",boston-seaport,n008,40,19.499044,3,False,False,False,False,False,False,True,True,False
bd850592cd2541288b177b8e20baa31e,scene-0290,"Light turns green at busy intersection, big street, parked cars",boston-seaport,n008,40,19.400068,3,False,False,False,False,True,True,True,False,False
59ff984c3143486da7d2c4ffec023b36,scene-0291,"Big street, construction, SUV overtaking",boston-seaport,n008,39,19.100353,3,False,False,False,False,False,False,False,False,False
7ef04cdbd04c4b67a22f59502cb8fac6,scene-0292,"Lane change, construction",boston-seaport,n008,40,19.449823,3,False,False,False,False,False,False,False,False,False
6308d6d934074a028fc3145eedf3e65f,scene-0293,"Construction, parked cars",boston-seaport,n008,40,19.451512,3,False,False,False,False,False,False,True,False,False
5c2fc0a595c9435cb08e30700c63f9e9,scene-0294,"Bridge, skateboarder, wheelchair, peds, truck, arrive at intersection, parked cars",boston-seaport,n008,39,19.149012,3,False,False,False,True,False,True,True,False,True
63252988084b4943a50734990c47e039,scene-0295,"Wait at intersection, cars and trucks coming from both sides",boston-seaport,n008,40,19.500708,3,False,False,False,False,False,True,False,False,False
1a819a84e3494177b47bea8c7f0770ec,scene-0296,"Wait at intersection, cyclist crossing intersection",boston-seaport,n008,40,19.400077,3,False,False,False,True,False,True,False,False,False
3bc4553925494890a21ef7a15c40eaed,scene-0297,"Right turn, peds crossing, cross intersection, cyclist",boston-seaport,n008,39,19.100916,3,False,False,False,True,False,True,False,False,False
84f4c0747550493f959595dae6785cd3,scene-0298,"Turn right, cross bridge, peds",boston-seaport,n008,39,19.09838,3,False,False,False,True,False,True,False,False,False
7f8714d8ca814914bf4ff3ed30123db5,scene-0299,"Cross bridge, peds, ban, parked bicycle",boston-seaport,n008,40,19.500142,3,False,False,False,True,False,False,True,True,False
da783af4b5124333911684dbaf31d969,scene-0300,"Bike rack, peds walking, parked cars, jaywalker",boston-seaport,n008,40,19.452027,3,False,False,False,True,False,False,True,True,False
85a9c262809d4ac49d2a9b1f8a1487e8,scene-0301,"Arrive at intersection, ped loading car trunk, ped with dog crossing crosswalk, bus",boston-seaport,n008,40,19.34865,3,False,False,False,True,False,True,False,False,True
c6da5920d2bc459bb3bc51ee6b9fdd7e,scene-0302,"Huge parking lot, dense traffic",boston-seaport,n008,40,19.500706,3,False,False,False,False,False,False,False,False,False
9a0d2af517ff44f587c93254ee657215,scene-0303,"Cross intersection, construction, large group of cones",boston-seaport,n008,40,19.500681,3,False,False,False,False,False,True,False,False,False
f123185f3bb64faebc08d4453aec2659,scene-0304,"Cross intersection, turning truck, parked truck",boston-seaport,n008,39,19.250284,3,False,False,False,False,False,True,True,False,True
8c7dfcee70754286959b80c6cfe2d246,scene-0305,"Barriers, parked cars",boston-seaport,n008,40,19.500716,3,False,False,False,False,False,False,True,False,False
7540f31d12f1439db67a50be7726c70d,scene-0306,"Parked cars, bicyclist waiting in the middle of the intersection",boston-seaport,n008,40,19.448716,3,False,False,False,False,False,True,True,False,False
dbe2eceb3e4649289366f674c2ba4274,scene-0315,"Peds, bus stop, oncoming cars, parked lot, bump, slope",singapore-queenstown,n015,39,19.050597,3,False,False,False,True,False,False,True,False,True
c74a3a7265ae45f99f65628fbd7cd2a4,scene-0316,"Parked bicycles, ped, cars at opp lane",singapore-queenstown,n015,39,19.047815,3,False,False,False,True,False,False,True,False,False
fc9068b303e448a6bbcefd37204386a9,scene-0317,"Bus drops off passenger, overtake bus, peds, bus at roundabout, jaywalker",singapore-queenstown,n015,39,19.051159,3,False,False,False,True,False,False,False,False,True
4b48dfc43a3f411b88a71031d77e5696,scene-0318,"Buses, overtake bus, peds, motorcycles",singapore-queenstown,n015,39,19.049474,3,False,False,False,True,False,False,False,False,True
69ee276c40644ddbb7fe21c613cd7689,scene-0321,"Ped, heavy traffic flow, peds, parked car",boston-seaport,n008,40,19.25023,3,False,False,False,True,True,False,True,False,False
53484b9d012842bb98719a9d12b038ca,scene-0323,Several peds crossing road at crosswalk,boston-seaport,n008,40,19.25075,3,False,False,False,True,False,False,False,False,False
13c6a31ab85547b08dab2544024553a8,scene-0324,"Parked cars, cones, reduce speed for traffic light",boston-seaport,n008,40,19.500121,4,False,False,False,False,False,False,True,False,False
cc9d6954dc6448359fc1e8aeafc5f760,scene-0328,"Jaywalker, parked cars, right turn, right turn",boston-seaport,n008,39,19.098483,4,False,False,False,False,False,True,True,False,False
5eaff323af5b4df4b864dbd433aeb75c,scene-0329,"Parked trucks, parked cars, avoid parked truck, ped, turn right",boston-seaport,n008,39,19.050028,4,False,False,False,True,False,True,True,False,True
3927699fa562451a98bb13bf8405361d,scene-0330,"Ped walking along the road, bus stops with waiting passenger, dense parked cars at the left",boston-seaport,n008,39,19.001926,4,False,False,False,True,False,False,True,False,True
9d1307e95c524ca4a51e03087bd57c29,scene-0331,"Heavy truck, container, turn left",boston-seaport,n008,39,19.050511,4,False,False,False,False,False,True,False,False,True
93608f0d57794ba6b014314c488e2b4a,scene-0332,"Peds crossing, parked cars",boston-seaport,n008,40,19.501255,4,False,False,False,True,False,False,True,False,False
6d872d1448814fd189e631b1187c3771,scene-0344,"Wait at intersection, construction, bus, scooter",singapore-onenorth,n015,40,19.499622,4,False,False,False,False,False,True,False,True,True
fcc020250f884397965ba00c1d9ad9e6,scene-0345,"Cross the intersection, construction, scooter, turn right, parked buses, navigated through traffic cones",singapore-onenorth,n015,39,19.19983,4,False,False,False,False,False,True,True,True,False
a499ee875da34e2b9655afb999edb8a9,scene-0346,"Cross intersection, scooter, nature, peds crossing",singapore-onenorth,n015,40,19.399842,4,False,False,False,True,False,True,False,True,False
af128e79b77a4a4b8bfcd997c320b2a9,scene-0347,"Avoid parked cars, lane change, stop at intersection, ped",singapore-onenorth,n015,39,19.05002,4,False,False,False,True,False,True,True,False,False
566311b8201e416f9f99463656dcadce,scene-0348,"Turn right, bus, peds, narrow street",singapore-onenorth,n015,40,19.250743,4,False,False,False,True,False,True,False,False,True
c24317a5c0cb4f5c9fd31740eb1152f2,scene-0349,"Cones, parked car blocking ego vehicle, wait and overtake",singapore-onenorth,n015,39,19.150106,4,False,False,False,False,False,False,True,False,False
d825d5544592463e8c138473502dfeea,scene-0350,"Nature, parked truck, peds, peds with luggage, sitting ped, parked bicycles, bridge, taxi, concrete truck, turn left, stopped truck",singapore-onenorth,n015,39,19.249108,4,False,False,False,True,False,True,True,False,True
a99120daccb24bcd941b33e6e03bf718,scene-0351,"Turn left, parked bus, concrete truck, turn left",singapore-onenorth,n015,40,19.400599,4,False,False,False,False,False,True,True,False,True
1d914f73a4a243c3acac50d24f083aac,scene-0352,"Follow concrete truck, construction, traffic cones on the opposite side of the road",singapore-onenorth,n015,40,19.400079,4,False,False,False,False,False,False,False,False,True
6746ba640c0e45c7961efbe6af51757e,scene-0353,"Start at intersection, cross intersection, construction, parked bicycle, stop at intersection",singapore-onenorth,n015,39,19.149544,4,False,False,False,False,False,True,True,True,False
312102fd97de4bd4859374946e24ccdc,scene-0354,"Start at intersection, truck, bus, construction zone, parked bicycle",singapore-onenorth,n015,39,19.149585,4,False,False,False,False,False,True,True,True,True
2f093cad7209436aa06e103bfe062857,scene-0355,"Construction worker, construction, blocking us, then giving sign to start",singapore-onenorth,n015,39,19.151222,4,False,False,False,False,False,False,False,False,False
7bcc4753bdb64d2cb407b55cc4e4527f,scene-0356,"Arrive at intersection, construction, digger turning, peds crossing, bus",singapore-onenorth,n015,39,19.150088,4,False,False,False,True,False,True,False,False,True
f0294478e1994642bac453f1e84610df,scene-0357,"Wait at intersection, digger turning, peds, construction, worker putting down cones",singapore-onenorth,n015,41,19.549932,4,False,False,False,True,False,True,False,False,False
2121cc12888e47ce856dc5391f202594,scene-0358,"Wait at intersection, construction, heavy vehicle reversing, several peds waiting for crossing",singapore-onenorth,n015,40,19.499595,4,False,False,False,True,False,True,False,False,False
2987b4494fcc4639bdd6d714a94b2c72,scene-0359,"Bus stop, parked bicycle, sparsely populated with peds, parking lot",singapore-onenorth,n015,40,19.500151,4,False,False,False,True,False,False,True,True,True
cf10376382b74af1975be86f7190df20,scene-0360,"Parking lot, worker cleaning, garbage, traffic cones, knocked over traffic cone",singapore-onenorth,n015,40,19.648873,4,False,False,True,False,False,False,False,False,False
212b65c558254e2084489bf76e371e1a,scene-0361,"Parking lot, turn left, cone",singapore-onenorth,n015,40,19.551558,4,False,False,True,False,False,True,False,False,False
4098aaf3c7074e7d87285e2fc95369e0,scene-0362,"Ped, parking lot, parked scooter, turn left",singapore-onenorth,n015,40,19.648891,4,False,False,False,True,False,True,True,True,False
88084e0150d64dd1949a9cf1493e5188,scene-0363,"Turn right, oncoming scooter, parked trucks",singapore-onenorth,n015,41,19.899393,4,False,False,False,False,False,True,True,True,False
f13bd38bf9b64d579a63d4e7d750f592,scene-0364,"Followed by scooter, peds, bus stop, parked trucks, bus stop, parked bicycles, bicyclist",singapore-onenorth,n015,40,19.550987,4,False,False,False,True,False,False,True,True,True
8dd4349e80c345afac455cf76074f028,scene-0365,"Jaywalker, offloading truck, parked bicycle",singapore-onenorth,n015,40,19.549923,4,False,False,False,False,False,False,True,True,True
792b78f6cbcf413c821cb591630cddfb,scene-0366,"Weirdly stopped car, turn right at intersection, ped crossing",singapore-onenorth,n015,40,19.399489,4,False,False,False,True,False,True,False,False,False
4ea72ee843914a6cbd755e39f2489156,scene-0367,"Buses, turn right",singapore-onenorth,n015,40,19.350292,4,False,False,False,False,False,True,False,False,False
54cdaaae372d421fa4734d66f51a8c48,scene-0368,Arrive at busy intersection,singapore-onenorth,n015,40,19.549925,4,False,False,False,False,True,True,False,False,False
a1b51c02d8414856a86c0c37e4789c2f,scene-0369,"Start at busy intersection, turn right, multiple scooters crossing",singapore-onenorth,n015,40,19.65056,4,False,False,False,True,True,True,False,False,False
105c227c304b4cb18e98a5be6b2d8302,scene-0370,"Parked truck, cones, sitting peds, peds, chicken on the road",singapore-onenorth,n015,40,19.500153,4,False,False,False,True,False,False,True,False,True
17302a41218442ffbb0b094adb0669ab,scene-0371,"Peds, parked bus, oncoming scooter, parked bicycles, parked trucks, buses, wait at intersection",singapore-onenorth,n015,40,19.499599,4,False,False,False,True,False,True,True,True,True
b68cfa7e0bd64bd395fd922d750cfdd2,scene-0372,"Turn left, peds, parked bicycle, bus stop",singapore-onenorth,n015,40,19.398948,4,False,False,False,True,False,True,True,True,True
10dfdae842b543938a230f25a1e9f934,scene-0373,"Parking lot, peds, construction, a car doing reverse parking",singapore-onenorth,n015,40,19.550457,4,False,False,False,True,False,False,False,False,False
7463b2d752f0464f803b07a945ee7c5a,scene-0374,"Parking lot, vehicle reverses into parking spot",singapore-onenorth,n015,41,19.799284,4,False,False,False,False,False,False,False,False,False
28d385e6db0e495da3a606b58e2432f0,scene-0375,"Parking lot, turn right, peds",singapore-onenorth,n015,40,19.499061,4,False,False,False,True,False,True,False,False,False
f05ec45554f842ccb523caf326750f13,scene-0376,"Parking lot, peds, oncoming scooter",singapore-onenorth,n015,41,19.649967,4,False,False,False,True,False,False,False,True,False
0cc28fe2c1064fb9a51f1647c28ca564,scene-0377,"Lane change, cyclist on side walk, construction, left turn",singapore-onenorth,n015,40,19.400065,4,False,False,False,False,False,True,False,False,False
fdf4384c1fce4a16aad939d8417bccd6,scene-0378,"Construction zone, excavator, workers, nature, parked buses, ped",singapore-onenorth,n015,40,19.499596,4,False,False,False,True,False,False,True,False,False
90d616aaefc4429380388205ebb23398,scene-0379,"Parked cars, tricycle, narrow road, overtake, sitting peds, passed by electric vehicle",singapore-onenorth,n015,39,19.000265,4,False,False,False,True,False,False,True,False,False
1c89941a6935484182ca19eddcd3bc77,scene-0380,"Parked cars, give way for oncoming vehicle",singapore-onenorth,n015,41,19.851275,4,False,False,False,False,False,False,True,False,False
eba4b7c19b5f48289e105937d03e5222,scene-0381,"Ped crossing, peds, construction, parked bicycles, turn right",singapore-onenorth,n015,40,19.651629,4,False,False,False,True,False,True,True,False,False
2dc89e0f9c6c4dbab908d341fab020c6,scene-0382,"Turn left, parking lot, peds, parked motorcycles",singapore-onenorth,n015,40,19.500704,4,False,False,False,True,False,True,True,False,False
e0a22086a94f48e5bbd4c4e7916b2106,scene-0383,"Peds sitting, turn left, parked bicycle, jaywalker",singapore-onenorth,n015,40,19.499554,4,False,False,False,True,False,True,True,True,False
25f40f7316954a3e978e24d691e1a117,scene-0384,"Pass vehicles, turn right, person getting off scooter",singapore-onenorth,n015,40,19.500137,4,False,False,False,False,False,True,False,True,False
d0de3bf834b747179080898725b0f21d,scene-0385,"Turn left, construction, peds, parked bicycle, turn left",singapore-onenorth,n015,40,19.700915,4,False,False,False,True,False,True,True,True,False
11058d54abcd4829828523040372ce05,scene-0386,"Start at intersection, turn right, scooter, peds",singapore-onenorth,n015,40,19.498464,4,False,False,False,True,False,True,False,True,False
3359935281a34136992997acab7cdddd,scene-0388,"Cross intersection, bridge, arrive at intersection",boston-seaport,n008,41,19.748973,4,False,False,False,False,False,True,False,False,False
a5887dd5d6d947e4af581b915716d51c,scene-0389,"Go straight, parked cars, dense traffic, bicycle rack, truck with empty trailer",boston-seaport,n008,40,19.55045,4,False,False,False,False,False,False,True,True,True
6295f0119c5c44d8a75e0016517a172d,scene-0390,"Go straight, parked cars, bendy bus",boston-seaport,n008,40,19.650564,4,False,False,False,False,False,False,True,False,True
ed97ee6a3b444ba7800641baab057556,scene-0391,"Go straight, two bicycles, turn right, two bendy busses",boston-seaport,n008,40,19.548797,4,False,False,False,False,False,True,False,False,False
d987908d74794138b07d1237887bb441,scene-0392,"Cross intersection, bicyclist crossing, school bus, bicycle rack, jaywalker, peds, parked scooter",boston-seaport,n008,40,19.501322,4,False,False,False,True,False,True,True,True,True
62696ecd66a3445da436ce2d87ee3501,scene-0393,"Turn right, reflections, parked cars",boston-seaport,n008,40,19.547146,4,False,False,False,False,False,True,True,False,False
181bf34123514c329e2cef72847607a4,scene-0394,"Parked cars, jaywalker",boston-seaport,n008,40,19.500132,4,False,False,False,False,False,False,True,False,False
dbfd4af0e0d744858e796ec69826e673,scene-0395,"Ped walking dog, peds, parking lot, truck, parked motorcycle",boston-seaport,n008,40,19.551057,4,False,False,False,True,False,False,True,True,True
fab5dcdfa43b4cce99da3ddf6718cc2a,scene-0396,"Parked cars, parking lot, peds",boston-seaport,n008,40,19.500709,4,False,False,False,True,False,False,True,False,False
fd2d419d4cf84a2d84922b9b7d2cea4d,scene-0397,"Stroller, peds, dense traffic, turn left",boston-seaport,n008,40,19.548293,4,False,False,False,True,False,True,False,False,False
b519ec833e23450a8bd3340b67f2516b,scene-0398,"Very dense traffic, congestion, overtake car, peds",boston-seaport,n008,41,19.699209,4,False,False,False,True,True,False,False,False,False
36349e9caeff483e9d8d25e9743b9f5b,scene-0399,"Wait at highway-like intersection, many cars, motorcycle, trash cans",singapore-hollandvillage,n015,41,19.901034,4,False,False,False,False,True,True,False,True,False
9f5f2211d6f943a89dd87bbe9703539d,scene-0400,"Wait at highway-like intersection, many cars, truck",singapore-hollandvillage,n015,40,19.499024,4,False,False,False,False,True,True,False,False,True
ced236f5da704cbcb41249bb6ecc8b68,scene-0401,"Turn right, residential area, construction, narrow road, motorcycle",singapore-hollandvillage,n015,40,19.500694,4,False,False,False,False,False,True,False,True,False
1847e3fc11ab466d95f82e6c7031f33d,scene-0402,"Residential area, many cars on the opposite lane, garbage bins",singapore-hollandvillage,n015,40,19.750635,4,False,False,False,False,True,False,False,False,False
f2e4460c1fd149ec8068626837f20013,scene-0403,"Residential area, parked bike, rubbish bins, sitting peds, motorcycle",singapore-hollandvillage,n015,41,19.898779,4,False,False,False,True,False,False,True,True,False
295c6c85275e4376bc8446b4a76504cd,scene-0405,"Residential area, turn right, cross intersection, parked bike, lot of trash bins",singapore-hollandvillage,n015,40,19.550431,4,False,False,False,False,False,True,True,True,False
83ffc453d209404781ea4574d77adb22,scene-0406,"Residential area, many trash cans, jaywalker, ped with bags, parked scooter, parked vehicles",singapore-hollandvillage,n015,40,19.649441,4,False,False,False,True,False,False,True,True,False
c34206e65a1442828b950b0ca52098b7,scene-0407,"Residential area, taxi turn right, rubbish bins (pushable pullable objects), parked bicycles, parked cars",singapore-hollandvillage,n015,40,19.599677,4,False,False,False,False,False,True,True,False,False
268099669c954f429087081530094337,scene-0408,"Residential area, narrow road, overtake stopped car, peds, parked trucks",singapore-hollandvillage,n015,41,19.898839,4,False,False,False,True,False,False,True,False,False
5c6620829a1f492b8482218670aa0541,scene-0410,"Residential area, bicycle, bump",singapore-hollandvillage,n015,40,19.649464,4,False,False,False,False,False,False,False,True,False
ceca737af78440118b7b394a54723454,scene-0411,"Residential area, parked bike, rubbish bins",singapore-hollandvillage,n015,41,19.649989,4,False,False,False,False,False,False,True,True,False
055a607b74e04001adef097225a8661a,scene-0412,"Residential area, rubbish bins, ped holds umbrella",singapore-hollandvillage,n015,41,19.899415,4,False,False,False,True,False,False,False,False,False
5035adcd18d34d4783c2ccb41db998c1,scene-0413,"Nature, trash cans, narrow road, bump, cross intersection, barricade, construction, parked bicycle, trash bags, van turning",singapore-hollandvillage,n015,41,19.900488,4,False,False,False,False,False,True,True,True,False
05d5241d4d5a4c2a9c670dc8c9853c74,scene-0414,"Residential area, turn right, parked bike, narrow road, oncoming vehicle, trash cans",singapore-hollandvillage,n015,41,19.899945,4,False,False,False,False,False,True,True,True,False
3be5ff913abf449bac92ce2d2a4cffa0,scene-0415,"Residential area, movable trash cans, nature, van turn left, ped",singapore-hollandvillage,n015,40,19.499612,4,False,False,False,True,False,True,False,False,False
bd916d78cb3149999182fb3ce4eb8a8d,scene-0416,"Nature, garbage bins, driving uphill on narrow road, peds, oncoming car",singapore-hollandvillage,n015,41,19.851216,4,False,False,False,True,False,False,False,False,False
4b5bf3f4668d44fea9a676e9c4a8a79e,scene-0417,"Nature, overtake parked van, rubbish bins",singapore-hollandvillage,n015,40,19.500128,4,False,False,False,False,False,False,True,False,False
b526c20f7eed49f0886cdb4ba6b733e8,scene-0418,"Nature, construction worker",singapore-hollandvillage,n015,41,19.899919,4,False,False,False,False,False,False,False,False,False
8c84164e752a4ab69d039a07c898f7af,scene-0419,"Residential area, trash cans, stroller, arrive at intersection",singapore-hollandvillage,n015,41,19.898269,4,False,False,False,False,False,True,False,False,False
c7b8d96173bf41dc8df8c0d16adfc71e,scene-0420,"Exit parking lot, turn left, peds, parked bicycle, arrive at intersection",singapore-queenstown,n015,41,19.850103,4,False,False,False,True,False,True,True,True,False
fb255bba9b6a4f37a8894e336d2136f1,scene-0421,"Gate, peds at sidewalk, following by a bus, slope",singapore-queenstown,n015,41,19.850744,4,False,False,False,True,False,False,False,False,True
9ac6dff089a84a6d8f066122443a10db,scene-0422,"Buses, overtake stopped car, peds, arrive at intersection",singapore-queenstown,n015,40,19.499602,4,False,False,False,True,False,True,False,False,False
47cfdbcf14fe47d2a3b9e7e5b46d8a36,scene-0423,"Many peds, peds walking in street, turn left, parking lot",singapore-queenstown,n015,41,19.900497,4,False,False,False,True,False,True,False,False,False
4deb245e67374cd88e64d6557b652841,scene-0424,"Bump, peds, bus, turn left",singapore-queenstown,n015,41,19.849058,4,False,False,False,True,False,True,False,False,True
48ff8fee13c344ed843af3eec8f9b94b,scene-0425,"Turn left, scooter, turn left, bus with advertising",singapore-queenstown,n015,41,19.900524,4,False,False,False,False,False,True,False,True,True
034256c9639044f98da7562ef3de3646,scene-0426,"Bus, unloading van, peds, parking lot, parked bicycles",singapore-queenstown,n015,41,19.89938,5,False,False,False,True,False,False,True,False,True
88abbe4f3b37466791b2ae58490044d9,scene-0427,"Parking lot, many peds, bump, buses, congestion",singapore-queenstown,n015,41,19.649963,5,False,False,False,True,True,False,False,False,False
240d15482599449a9bd0432fbfa688ab,scene-0428,"Avoid congestion, drive uphill, barriers, peds in sidewalk",singapore-queenstown,n015,41,19.898838,5,False,False,False,True,True,False,False,False,False
9c83e438973e4824853e6a38928ca4ff,scene-0429,"Half-open parking garage, parked scooters, oncoming scooter, parked car, peds, barricade",singapore-queenstown,n015,40,19.501218,5,False,False,False,True,False,False,True,True,False
d1455a9d8add42dba52beac59a67259c,scene-0430,"Nature, garbage",singapore-queenstown,n015,41,19.848494,5,False,False,False,False,False,False,False,False,False
c8e6213038884d05907b1edd7e55552e,scene-0431,"Nature, low traffic, ped, parked scooters, closed road, cars",singapore-queenstown,n015,41,19.850174,5,False,False,False,True,False,False,True,False,False
d4c560022dda448dabb0b60fb62dd6ba,scene-0432,"Nature, parking bay, bus stop, many peds, oncoming scooter, bump",singapore-queenstown,n015,40,19.499026,5,False,False,False,True,False,False,False,True,True
f8ef029224b84d14843db98a76a7f4a1,scene-0433,"Unusual buildings, ped, slope, low traffic",singapore-queenstown,n015,41,19.900497,5,False,False,False,True,False,False,False,False,False
e0a212aafd574781b122a6ba66599a1e,scene-0434,"Unusual buildings, crosswalk, bump, low traffic",singapore-queenstown,n015,41,19.849652,5,False,False,False,False,False,False,False,False,False
e2d9a52b37bd4b63b913777ef77b2d4f,scene-0435,"Unusual buildings, slope, turn right, peds, parking lot, parked cars",singapore-queenstown,n015,40,19.65167,5,False,False,False,True,False,True,True,False,False
773e6b4f990f4044bed5ea7036ea7c3b,scene-0436,"Turn left, scooter, arrive at intersection",singapore-queenstown,n015,40,19.50126,5,False,False,False,False,False,True,False,True,False
2a721a8d80e04e4e82709e6150f5196a,scene-0437,"Low traffic, cross intersection, crosswalk, truck, bus",singapore-queenstown,n015,40,19.449281,5,False,False,False,False,False,True,False,False,True
5af1f9db65e04747aa3ca8364037c49b,scene-0438,"Peds, bus stop, barriers",singapore-queenstown,n015,41,19.850757,5,False,False,False,True,False,False,False,False,True
261e8288cf5647e396ab584e210e4ba1,scene-0439,"Parking lot, peds, parked bicycle",singapore-queenstown,n015,41,19.900483,5,False,False,False,True,False,False,True,True,False
64e1ad8a976542ab86c427d714550d06,scene-0440,"Rain, small crane, parking lot",boston-seaport,n008,41,19.850709,5,False,True,False,False,False,False,False,False,False
93481c2504474ca0b21d4abbab2cf3cf,scene-0441,"Rain, cross intersection, lane change, parking lot",boston-seaport,n008,40,19.649458,5,False,True,False,False,False,True,False,False,False
e54f4a36a8b94aebbe4189186dee8f05,scene-0442,"Rain, parked truck trailers, parked cars",boston-seaport,n008,41,19.850708,5,False,True,False,False,False,False,True,False,True
6193fac132614eb1a09dcbf3f359460f,scene-0443,"Rain, crane, parking lot, overtake stopped vehicle, ped",boston-seaport,n008,41,19.849905,5,False,True,False,True,False,False,False,False,False
a2e3c0a763c04e56a5e26611eb69395b,scene-0444,"Rain, parked vehicles, parking lot, bendy bus",boston-seaport,n008,41,19.89992,5,False,True,False,False,False,False,True,False,True
bed12977df5a41dcb97ac69eeae3682c,scene-0445,"Rain, parking lot",boston-seaport,n008,40,19.600231,5,False,True,False,False,False,False,False,False,False
ae643c14ded14e6ea74f8c8605200ed1,scene-0446,"Rain, turn left, turn left",boston-seaport,n008,41,19.849063,5,False,True,False,False,False,True,False,False,False
e757a98aa8794d448f65f5966b8ac954,scene-0447,"Rain, parking lot, turn left",boston-seaport,n008,40,19.499623,5,False,True,False,False,False,True,False,False,False
2575c1870ede486b8568279b4731e47e,scene-0448,"Rain, parked trailers, parked trucks, fence, excavator, barriers, parked cars",boston-seaport,n008,41,19.900509,5,False,True,False,False,False,False,True,False,False
e3d714da71d2477695a055716ede7130,scene-0449,"Rain, parking lot, turn left, barriers, traffic cones",boston-seaport,n008,41,19.901043,5,False,True,False,False,False,True,False,False,False
0ced08ea43754420a23b2fbec667a763,scene-0450,"Rain, parking lot, many trucks, peds",boston-seaport,n008,40,19.499601,5,False,True,False,True,False,False,False,False,False
9f3c8453d03d4df5946444757376b826,scene-0451,"Rain, turn right, truck",boston-seaport,n008,40,19.648929,5,False,True,False,False,False,True,False,False,True
f69f7b4cefb7493bb1a8185f6f01d137,scene-0452,"Rain, wet ground, bendy bus, parked car",boston-seaport,n008,40,19.551567,5,False,True,False,False,False,False,True,False,True
e0b14a8e11994763acba690bbcc3f56a,scene-0453,"Rain, turn right, truck",boston-seaport,n008,41,19.898283,5,False,True,False,False,False,True,False,False,True
b0c4f9a7680142d8add66f69e5f20ecb,scene-0454,"Rain, turn left, bike rack, parking lot",boston-seaport,n008,40,19.648893,5,False,True,False,False,False,True,False,True,False
df0c3cb16cde410eba8eea191765515c,scene-0455,"Rain, bus, jaywalker, parking lot, parked bicycle, peds, bicycle rack",boston-seaport,n008,41,19.84965,5,False,True,False,True,False,False,True,True,True
97ba0e14805b42f292db7f06b6d1121b,scene-0456,"Rain, parking lot, bicycle rack, turn right, crane",boston-seaport,n008,41,19.850703,5,False,True,False,False,False,True,False,True,False
96a410b8fe5e4b57bf69b844bfd4d28c,scene-0457,"Rain, turn right, parking lot, wait at intersection",boston-seaport,n008,41,19.899388,5,False,True,False,False,False,True,False,False,False
634e7fbfe29c4a72b1ceb692b1d2ab44,scene-0458,"Rain, turn left, bus stop, parked cars",boston-seaport,n008,41,19.90049,5,False,True,False,False,False,True,True,False,True
2c96ff6afc9e4cf7bc8b107fce955c1f,scene-0459,"Rain, parking lot, crane",boston-seaport,n008,41,19.849578,5,False,True,False,False,False,False,False,False,False
4a4d09496d594c7385a1ec227bdb3a7f,scene-0461,"Rain, turn right, heavy truck with empty trailer",boston-seaport,n008,41,19.700075,5,False,True,False,False,False,True,False,False,True
36e3167610cc48eabcaad06a72479ac7,scene-0462,"Rain, cross intersection, parking lot, construction vehicle",boston-seaport,n008,41,19.850173,5,False,True,False,False,False,True,False,False,True
48ba943c3d19463a81281bf6a7078eac,scene-0463,"Rain, FedEx truck loaded on trailer, true cone loaded on a van, arrive at intersection, parked cars, several active trucks",boston-seaport,n008,40,19.500168,5,False,True,True,False,False,True,True,False,True
b0644660d7864451bfc4b3432bb5b47e,scene-0464,"Rain, wait at intersection, ped crossing, towed car",boston-seaport,n008,41,19.899927,5,False,True,False,True,False,True,False,False,False
64a3a2d22172406c848f2a92275808ba,scene-0465,"Rain, start at intersection, wet ground, traffic cone loaded on a truck, car overtaking us",boston-seaport,n008,41,19.901076,5,False,True,True,False,False,True,False,False,True
453453c849304ad69741891946d46453,scene-0467,"Rain, wait at intersection, flipped cone, construction, digger, ped",boston-seaport,n008,40,19.89938,5,False,True,True,True,False,True,False,False,False
4efde86424ea4088a43faeb5158ceabf,scene-0468,"Rain, wait at intersection, flipped cone, truck",boston-seaport,n008,41,19.901772,5,False,True,True,False,False,True,False,False,True
1e3f0bd8063a4084b7104345b20bfb80,scene-0469,"Rain, truck, cross intersection, ped, parked cars, bicyclist, sign trailer, bicycle rack",boston-seaport,n008,40,19.50014,5,False,True,False,True,False,True,True,True,True
010fb5bcc7984d0f8f07f99e02366df1,scene-0471,"Rain, parked cars, construction",boston-seaport,n008,40,19.398933,5,False,True,False,False,False,False,True,False,False
54ec146682e24683becfeab4124e8402,scene-0472,"Rain, construction, wheel barrows",boston-seaport,n008,40,19.402819,5,False,True,False,False,False,False,False,False,False
ab40eb69df49448d83628f611b2ca273,scene-0474,"Rain, start at intersection, bridge, railing",boston-seaport,n008,40,19.550481,5,False,True,False,False,False,True,False,False,False
8b60e7e47cde43e0a7fbd66d926de14f,scene-0475,"Rain, bridge, peds shrinking due to raindrops, turn right",boston-seaport,n008,41,19.850161,5,False,True,False,True,False,True,False,False,False
f29904c2bcdc4d78bbcac75a2b30fe38,scene-0476,"Rain, turn right, peds, bridge, peds with umbrellas",boston-seaport,n008,41,19.899382,5,False,True,False,True,False,True,False,False,False
c7780850596641b8ab5f352d16b178e4,scene-0477,"Rain, bridge, peds crossing, peds sidewalk stroller, wet ground",boston-seaport,n008,41,19.899938,5,False,True,False,True,False,False,False,False,False
69e393da7cb54eb6bea7927a2af0d1ee,scene-0478,"Rain, waiting traffic light, oncoming bicyclist, bike rack, peds, reflections",boston-seaport,n008,40,19.450389,5,False,True,False,True,False,False,False,True,False
5fc7c5dfc56b4971b14005bc53f69908,scene-0479,"Rain, many peds, jaywalker, bicycle rack, parked cars",boston-seaport,n008,41,19.750634,5,False,True,False,True,False,False,True,True,False
5c76a3728b8b4d02ae20bd69fb928aa1,scene-0480,"Rain, parked cars, bicycle, parking lot",boston-seaport,n008,40,19.398941,5,False,True,False,False,False,False,True,True,False
a6daedc3063b421cb3a05019e545f925,scene-0499,"Construction zone, workers, parking lot, park motorcycle",boston-seaport,n008,40,19.450362,5,False,False,False,False,False,False,False,True,False
1ec0b9bc3eca4b76b2610c519f843762,scene-0500,"Left turn, large truck turns right, parked vehicles, parking lot, peds",boston-seaport,n008,40,19.647784,5,False,False,False,True,False,True,True,False,True
c59fe8015e3743329ec907bc29c93124,scene-0501,"Parked vehicles, right bend, parked truck, jaywalkers, sitting peds",boston-seaport,n008,39,19.301084,5,False,False,False,True,False,False,True,False,True
20ec831deb0f44e397497198cbe5a97c,scene-0502,"Parked truck, right turn, jaywalkers, bike rack, arrive at intersection",boston-seaport,n008,41,19.69976,5,False,False,False,False,False,True,True,True,True
27dc2edfb6524c7d8997ac3573ed2f3d,scene-0504,"Construction zone, cross intersection, peds crossing crosswalk, oncoming bus at intersection, parked car entering the road, sign trailer, bridge",boston-seaport,n008,39,19.549907,5,False,False,False,True,False,True,True,False,True
8399be3e75814cc793d145986318c45d,scene-0505,"Passing under flyover, pedestrians in sidewalk, oncoming truck",boston-seaport,n008,40,19.499585,5,False,False,False,True,False,False,False,False,True
19dce2ebc7bd4f138aea6d645a4afec7,scene-0506,"Oncoming bus, pedestrians",boston-seaport,n008,40,19.551574,5,False,False,False,True,False,False,False,False,True
aee27b55da77468ba444357348f5cf88,scene-0507,"Parked cars, peds, construction zone, oncoming truck, peds walking on road",boston-seaport,n008,41,19.799312,5,False,False,False,True,False,False,True,False,True
862a468e56954dc9a833a9eb3ebd884b,scene-0508,"Construction zone, roundabout junction",boston-seaport,n008,41,19.750082,5,False,False,False,False,False,False,False,False,False
7809330e0345423ab6212787edf3561b,scene-0509,"Multi-storey carpark, oncoming truck, parked truck, parked motorcycle",boston-seaport,n008,40,19.551011,5,False,False,False,False,False,False,True,True,True
ccf96ecd7161425ba7c5b5dbad79b600,scene-0510,"Turn left, parking lot, bicycle rack, ped, parked bicycles, pedestrians",boston-seaport,n008,41,19.551592,5,False,False,False,True,False,True,True,True,False
2bd47eabb64d4499862388cec180a7d1,scene-0511,"Car attempting to park, peds, parked motorcycle, parked bicycles, parking lot, ped picking up object on road, parked scooter, parked trucks, bicycle rack",boston-seaport,n008,41,19.85128,5,False,False,False,True,False,False,True,True,False
befb96098dc14988ac468a6bd3cbd4a0,scene-0512,"Right bend, parked motorcyle, parked bicycles, parked truck, parking lot",boston-seaport,n008,40,19.549368,5,False,False,False,False,False,False,True,False,True
e333874a12d64a7d956f23fe6a4c5c62,scene-0513,"Right bend, construction vehicles, an array of advertisement boards, big trash bins",boston-seaport,n008,40,19.597488,5,False,False,False,False,False,False,False,False,False
49eb09ab4c4142268131125d6e619a0c,scene-0514,"Waiting to turn left, oncoming traffic, parking lot, peds",boston-seaport,n008,40,19.649436,5,False,False,False,True,False,True,False,False,False
02f1e5e2fc544798aad223f5ae5e8440,scene-0515,"Parking lot, construction zone",boston-seaport,n008,41,19.89879,5,False,False,False,False,False,False,False,False,False
55638ae3a8b34572aef756ee7fbce0df,scene-0517,"Construction zone, constructing vehicles, pedestrian, parking lot",boston-seaport,n008,40,19.499591,5,False,False,False,True,False,False,False,False,False
1c76efe7d0b048bc815c0445eeaa76ab,scene-0518,"Parking lot, peds, parked motorcyle, bicycle racks, oncoming traffic, turn left, car exiting parking lot, car being unloaded",boston-seaport,n008,41,19.849111,5,False,False,False,True,False,True,True,True,False
b07358651c604e2d83da7c4d4755de73,scene-0519,"Passing under flyover, oncoming truck, pedestrians, parked cars",boston-seaport,n008,41,19.951322,5,False,False,False,True,False,False,True,False,True
26a6b03c8e2f4e6692f174a7074e54ff,scene-0520,"Pedestrian, parked vehicles",boston-seaport,n008,41,19.749501,5,False,False,False,True,False,False,True,False,False
4962cb207a824e57bd10a2af49354b16,scene-0521,"Parking lot, ped, parked bicycle, peds crossing crosswalk",boston-seaport,n008,40,19.500143,5,False,False,False,True,False,False,True,True,False
2abb3f3517c64446a5768df5665da49d,scene-0522,"Parked bicycle, pedestrian, parked cars, cyclist, construction zone",boston-seaport,n008,40,19.498467,5,False,False,False,True,False,False,True,True,False
d7bacba9119840f78f3c804134ceece0,scene-0523,"Oncoming bus, parked car on center divider, pedestrian, roundabout, parked trucks",boston-seaport,n008,40,19.500684,5,False,False,False,True,False,False,True,False,True
6a24a80e2ea3493c81f5fdb9fe78c28a,scene-0524,"Parking lot, parked truck, pedestrian, oncoming truck",boston-seaport,n008,41,19.750638,5,False,False,False,True,False,False,True,False,True
d6e6f5d622474271b695f4c7f07df7bb,scene-0525,"Turn right, parking lot, peds waiting, parked cars",boston-seaport,n008,40,19.501826,5,False,False,False,True,False,True,True,False,False
827712f3e79340d8878de0202c5b3960,scene-0526,"Parking lot, wide biaising for parked cars, pedestrian",boston-seaport,n008,41,19.900488,5,False,False,False,True,False,False,True,False,False
44f25e0b668e4077abf57f3df320bb57,scene-0527,"Parking lot, lorry containers, pedestrian and dog, large truck",boston-seaport,n008,41,19.799312,5,False,False,False,True,False,False,False,False,True
da41ecbc644b4915b84bb732e35ebf8c,scene-0528,"Avoiding large truck with oncoming car, garbage bins, trucks",boston-seaport,n008,40,19.499067,5,False,False,False,False,False,False,False,False,True
77b27e26bf6d4c38859ccfa076cee51d,scene-0529,"Parked cars, parking lot",boston-seaport,n008,41,19.902143,5,False,False,False,False,False,False,True,False,False
4f18d9a7ed374a0fb93c026589dcf9a0,scene-0530,"Parked cars, parking lot, container, stop at intersection",boston-seaport,n008,41,19.800957,5,False,False,False,False,False,True,True,False,False
37a37b06ba5e4f978fc6cb77e90f2498,scene-0531,"Turn right, oncoming traffic, parking lot parked trucks, containers",boston-seaport,n008,41,19.900503,5,False,False,False,False,False,True,True,False,False
8c45a7a9142f4f848d463cc46843db71,scene-0532,"Many trash cans, wait at intersection, parked heavy trucks, bicyclist crossing the road",boston-seaport,n008,40,19.599107,5,False,False,False,True,False,True,True,False,False
0c12123d57594f4d81d32fd4aa89fb1f,scene-0533,"Parked cars, pedestrian, animal",boston-seaport,n008,40,19.601338,5,False,False,False,True,False,False,True,False,False
82024d9f5f7f46dba436cd93c27173c7,scene-0534,"Parked cars, pedestrian, parked truck, moving forklift, construction zone, warehouse, pedestrian inside the truck container",boston-seaport,n008,41,19.751758,5,False,False,False,True,False,False,True,False,True
7b4a37ecca84421fbc22ad15e8b00ed8,scene-0535,"Construction zones, construction vehicle, stopped at the intersection",boston-seaport,n008,41,19.899405,6,False,False,False,False,False,True,False,False,True
6b80170cd8404e6298d353bf1fa8dc0c,scene-0536,"Turning right at intersection, narrow path, cars, pedestrian",boston-seaport,n008,40,19.652465,6,False,False,False,True,False,True,False,False,False
3034b3f33e1d49f4a7b6c84bdea57004,scene-0537,"Construction zones, construction vehicle, pedestrian, oncoming vehicles",boston-seaport,n008,41,19.598545,6,False,False,False,True,False,False,False,False,True
5890face846e47a899246159b7c30bd7,scene-0538,"Ton of pedestrians in park, parking lot, parked motorcycles, parked bicycles, jaywalkers",boston-seaport,n008,41,19.599679,6,False,False,False,True,False,False,True,False,False
2f0e54af35964a3fb347359836bec035,scene-0539,"Jaywalkers, bicycle racks, bus, parked scooters, parked bicycles, many peds, cross intersection",boston-seaport,n008,41,19.900498,6,False,False,False,True,False,True,True,True,True
788c5502523f4d01b3a8de47ec3dadfb,scene-0541,"Parked truck, parked cars, pedestrian crossing",boston-seaport,n008,41,19.748412,6,False,False,False,True,False,False,True,False,True
f12b4e7fb95646ec9dac305076024bb9,scene-0542,Blinking traffic light,boston-seaport,n008,40,19.601838,6,False,False,False,False,False,False,False,False,False
c7604a179ea94e45857ec2c16416e5ad,scene-0543,"Oncoming truck, pedestrian, parking lot, parked cars by the side",boston-seaport,n008,40,19.49965,6,False,False,False,True,False,False,True,False,True
643ee37539844cb2b0453fd031a3afdd,scene-0544,"Parked cars, peds, pedestrian crossing with pet",boston-seaport,n008,41,19.898853,6,False,False,False,True,False,False,True,False,False
f7d01e23508040c2aec430e8da13fb76,scene-0545,"Pedestrian, parked cars, parked bicycles",boston-seaport,n008,41,19.899399,6,False,False,False,True,False,False,True,False,False
70e7d95ee1d1426fa84da44ddbf82d7a,scene-0546,"Wait at intersection, peds, parked cars, wait to turn right, peds crossing crosswalk",boston-seaport,n008,41,19.902696,6,False,False,False,True,False,True,True,False,False
16e50a63b809463099cb4c378fe0641e,scene-0552,"Bendy bus, school bus, parking lot, turn left, parked bus, overtake truck",boston-seaport,n008,41,19.848511,6,False,False,False,False,False,True,True,False,True
6f83169d067343658251f72e1dd17dbc,scene-0553,"Wait at intersection, bicycle, large truck, peds crossing crosswalk, ped with stroller",boston-seaport,n008,41,19.900489,6,False,False,False,True,False,True,False,True,True
f2541977a00a448db9b46a32187d9059,scene-0554,"Wait at intersection, ped crossing, ped with stroller, cyclist, barriers",boston-seaport,n008,41,19.898268,6,False,False,False,True,False,True,False,False,False
3363f396bb43405fbdd17d65dc123d4e,scene-0555,"Cross intersection, construction, big truck",boston-seaport,n008,40,19.600788,6,False,False,False,False,False,True,False,False,True
b94fbf78579f4ff5ab5dbd897d5e3199,scene-0556,"Turn left, oncoming vehicle, pedestrian, parked truck, passengers exiting car",boston-seaport,n008,40,19.449285,6,False,False,False,True,False,True,True,False,True
3f90afe9f7dc49399347ae1626502aed,scene-0557,"Parked cars, pedestrian, stopped at intersection, oncoming vehicle",boston-seaport,n008,40,19.548253,6,False,False,False,True,False,True,True,False,False
952cb0bcd89b4ca4b904cdcbbf595523,scene-0558,"Turning right, parked cars, peds, parked bicycle",boston-seaport,n008,41,19.799885,6,False,False,False,True,False,True,True,True,False
0e7ede02718341558414865d5c604745,scene-0559,"Passing intersection, pedestrian, parked cars, construction zone, construction vehicles",boston-seaport,n008,41,19.753401,6,False,False,False,True,False,True,True,False,False
44c9089913db4d4ab839a2fcb35989ed,scene-0560,"Arrive at intersection, parked cars, statue, peds, ped with stroller, flag, bendy bus",boston-seaport,n008,40,19.497974,6,False,False,False,True,False,True,True,False,True
ed242d80ccb34b139aaf9ab89859332e,scene-0561,"Wait at intersection, turning left, cars turning together, parking lot",boston-seaport,n008,40,19.550447,6,False,False,False,False,False,True,False,False,False
30a1a4ccd60047b4a22ee3bf0645f3ad,scene-0562,"Parked cars, pedestrians, pedestrians on flyover, parked bicycles on bikeracks, barricades, passing below flyover",boston-seaport,n008,40,19.549382,6,False,False,False,True,False,False,True,False,False
8e3364691ee94c698458e0913a29af78,scene-0563,"Change lane and stop, slight traffic congestion due to traffic light, ped on overpass, parked cars, cyclist",boston-seaport,n008,40,19.551551,6,False,False,False,True,True,False,True,False,False
84e056bd8e994362a37cba45c0f75558,scene-0564,"Parked car, pedestrian, turning right, construction zone",boston-seaport,n008,40,19.4996,6,False,False,False,True,False,True,True,False,False
54f56f80350b4c07af598ee87cf3886a,scene-0565,"Turning right, pedestrian with suitcase, pedestrian, construction zone, parked car",boston-seaport,n008,40,19.499588,6,False,False,False,True,False,True,True,False,False
58af378ff68b49c99aabf320dca1ee25,scene-0566,"Rain, turn right, parked cars, car turning around",boston-seaport,n008,41,19.901042,6,False,True,False,False,False,True,True,False,False
1f23540a109243438a5e3bd47e70105d,scene-0568,"Rain, parked cars, parked truck on the lane",boston-seaport,n008,41,19.849607,6,False,True,False,False,False,False,True,False,True
0b8948ee96ac46faad405bf1ffc70bb1,scene-0570,"Rain, wait at intersection, turn right, bus, truck, many parked trucks",boston-seaport,n008,40,19.55107,6,False,True,False,False,False,True,True,False,True
673ce9bdd9254fff82a524653a07b57f,scene-0571,"Rain, many parked trucks, cross intersection",boston-seaport,n008,41,19.899385,6,False,True,False,False,False,True,True,False,False
dbd9183e1278475ea54761297e004b04,scene-0572,"Rain, parked trailers, fence, parked cars, flipped barriers and cones",boston-seaport,n008,41,19.649993,6,False,True,False,False,False,False,True,False,False
47a73fb6a41a4c4b9fe2897254dd3671,scene-0573,"Rain, parked cars, ped, parked trucks, construction vehicle",boston-seaport,n008,41,19.898803,6,False,True,False,True,False,False,True,False,True
08be42eb2186411d8e2201225329f1c6,scene-0574,"Rain, turn left, parked cars, wait at intersection",boston-seaport,n008,40,19.500724,6,False,True,False,False,False,True,True,False,False
e329b73341204af7a9de29e65291ce1c,scene-0575,"Rain, parked cars, cones, construction workers",boston-seaport,n008,40,19.649995,6,False,True,False,False,False,False,True,False,False
6946bd49ebe648b7a8c4555774059bc8,scene-0576,"Rain, construction, ped on road, turn right",boston-seaport,n008,40,19.49908,6,False,True,False,True,False,True,False,False,False
482edf83eb664fdf90204c1830abe648,scene-0577,"Rain, turn right, bicycle rack, cross intersection, parking lot",boston-seaport,n008,41,19.851276,6,False,True,False,False,False,True,False,True,False
f0f120e4d4b0441da90ec53b16ee169d,scene-0578,"Rain, cross intersection",boston-seaport,n008,41,19.897739,6,False,True,False,False,False,True,False,False,False
73b16c26a0d24c7a841e4cbe5d0d7878,scene-0580,"Rain, long street, parked car",boston-seaport,n008,41,19.850743,6,False,True,False,False,False,False,True,False,False
45fc8a7a26c5469a88db999ae8468777,scene-0582,"Rain, parked cars, turn right, peds, wet road",boston-seaport,n008,40,19.54937,6,False,True,False,True,False,True,True,False,False
43d5f10c855048b9963c9eb288a8a001,scene-0583,"Rain, parking lot, stopped briefly at intersection",boston-seaport,n008,41,19.649987,6,False,True,False,False,False,True,False,False,False
2eb0dd074d8e4a328fd2283184c4412e,scene-0584,"Rain, turn right, exiting car, parking lot",boston-seaport,n008,40,19.651105,6,False,True,False,False,False,True,False,False,False
5d709891c41d423687ae4ea0473cb9c4,scene-0585,"Rain, construction vehicles, cross intersection",boston-seaport,n008,41,19.84849,6,False,True,False,False,False,True,False,False,False
64eef73c4f564a3db415e965f6460012,scene-0586,"Rain, construction, parked car, close to intersection",boston-seaport,n008,41,19.651122,6,False,True,False,False,False,True,True,False,False
0287702725184161af95373198546a59,scene-0587,"Rain, wait at intersection, truck",boston-seaport,n008,41,19.849232,6,False,True,False,False,False,True,False,False,True
590b4e5a4f94426ab3b1a66f35e140d5,scene-0588,"Rain, turn right, parking lot",boston-seaport,n008,40,19.498497,6,False,True,False,False,False,True,False,False,False
cddd0d5be10b4313a859524952455f43,scene-0589,"Rain, turn right, cars waiting at intersection",boston-seaport,n008,41,19.850165,6,False,True,False,False,False,True,False,False,False
d8a5dd6087de4e808c61c27f91e8216e,scene-0590,"Rain, cluster of traffic cones, wait at intersection, bendy bus",boston-seaport,n008,40,19.499596,6,False,True,False,False,False,True,False,False,True
28db6ee9a8d34e9e88e741817b6733c1,scene-0591,"Rain, cross intersection, wait at intersection, statues",boston-seaport,n008,41,19.751726,6,False,True,False,False,False,True,False,False,False
9c5dc664216e43a99d5da3f23d373e4d,scene-0592,"Rain, wait at intersection, turn left, huge truck, scooter",boston-seaport,n008,41,19.850725,6,False,True,False,False,False,True,False,True,True
a59b6db922ff490da5ccfc9980700935,scene-0593,"Rain, wait at intersection, peds crossing",boston-seaport,n008,40,19.549524,6,False,True,False,True,False,True,False,False,False
66461d94f2e44d39a90843ff2dce11e8,scene-0594,"Rain, turn right, arrive at intersection, big trucks",boston-seaport,n008,40,19.649987,6,False,True,False,False,False,True,False,False,False
b3318661150b4d6080886dc702989910,scene-0595,"Rain, wait at intersection, peds, construction, ship, ped with bag",boston-seaport,n008,41,19.900487,6,False,True,False,True,False,True,False,False,False
c4ab236557c8423caa8add5fb48a0898,scene-0596,"Rain, wait at intersection, start at intersection, peds, large truck, dog, turn left",boston-seaport,n008,41,19.900461,6,False,True,False,True,False,True,False,False,True
b829278aae2747959f2a95423455bbcb,scene-0597,"Rain, parked cars, peds and children, parked truck",boston-seaport,n008,40,19.647787,6,False,True,False,True,False,False,True,False,True
a8bd4c1efe284a5bba46f59454764965,scene-0598,"Rain, construction, turn right, roundabout",boston-seaport,n008,41,19.90101,6,False,True,False,False,False,True,False,False,False
d4c5db6faa9f443795ad86561e9e556e,scene-0599,"Rain, peds, construction, turn right, containers, cyclist",boston-seaport,n008,40,19.500687,6,False,True,False,True,False,True,False,False,False
bd22f197e9f648cba8e307869479629b,scene-0600,"Rain, parked busses, parking lot",boston-seaport,n008,41,19.848505,6,False,True,False,False,False,False,True,False,False
0ac05652a4c44374998be876ba5cd6fd,scene-0625,"Rain, peds, construction",boston-seaport,n008,40,19.549383,6,False,True,False,True,False,False,False,False,False
3ada261efee347cba2e7557794f1aec8,scene-0626,"Rain, construction, bendy bus, roundabout",boston-seaport,n008,40,19.651636,6,False,True,False,False,False,False,False,False,True
5301151d8b6a42b0b252e95634bd3995,scene-0627,"Rain, industrial",boston-seaport,n008,41,19.797667,6,False,True,False,False,False,False,False,False,False
991d65cab952449a821deb32e971ff19,scene-0629,"Rain, industrial, turn twice",boston-seaport,n008,40,19.549916,6,False,True,False,False,False,True,False,False,False
9068766ee9374872a380fe75fcfb299e,scene-0630,"Rain, construction, fence, special construction vehicle, nature, crane, wait at intersection, parking lot, cross intersection",boston-seaport,n008,41,19.80097,6,False,True,False,False,False,True,False,False,True
b789de07180846cc972118ee6d1fb027,scene-0632,"Rain, industrial, turn right, turn right, parked cars",boston-seaport,n008,40,19.697533,6,False,True,False,False,False,True,True,False,False
9088db17416043e5880a53178bfa461c,scene-0633,"Rain, industrial, parked trucks at parking lot",boston-seaport,n008,40,19.549344,6,False,True,False,False,False,False,True,False,False
7210f928860043b5a7e0d3dd4b3e80ff,scene-0634,"Rain, industrial, parking lot, semi backing up",boston-seaport,n008,40,19.551014,6,False,True,False,False,False,False,False,False,False
7bd098ac88cb4221addd19202a7ea5de,scene-0635,"Stationary in rain, semi backing up",boston-seaport,n008,40,19.649982,6,False,True,False,False,False,False,False,False,False
19d97841d6f64eba9f6eb9b6e8c257dc,scene-0636,"Rain, turn right, parked trucks",boston-seaport,n008,40,19.50127,6,False,True,False,False,False,True,True,False,False
3045ed93c2534ec2a5cabea89b186bd9,scene-0637,"Rain, parked cars, peds, jaywalker, water reflections, parked bicycle, ped with umbrella, cross intersection",boston-seaport,n008,40,19.498484,6,False,True,False,True,False,True,True,True,False
f5b29a1e09d04355adcd60ab72de006b,scene-0638,"Rain, turn left, water reflections, jaywalker, parked cars",boston-seaport,n008,41,19.800411,6,False,True,False,False,False,True,True,False,False
66134aebdaca4aca82aec91ec8c6245e,scene-0639,"Rain, arrive at intersection, parked vehicle",boston-seaport,n008,40,19.550488,6,False,True,False,False,False,True,True,False,False
55162149a9464d5bb0b0ebd914567e09,scene-0640,"Rain, cross bridge, truck",boston-seaport,n008,40,19.499064,6,False,True,False,False,False,False,False,False,True
e02aee6f1fec4d13ad77044466da5fb4,scene-0641,"Rain, cross intersection, parked cars, change lane, arrive at intersection",boston-seaport,n008,40,19.651105,6,False,True,False,False,False,True,True,False,False
4772f5283211444eaabd463cd341d360,scene-0642,"Rain, parked cars, parked bicycle",boston-seaport,n008,41,19.749497,6,False,True,False,False,False,False,True,True,False
98fc76cc0e364efdaa7e86a36b666dda,scene-0643,"Rain, parked cars, bicycle rack, parked bicycle, person loading car, reflections, construction sign",boston-seaport,n008,41,19.850724,6,False,True,False,False,False,False,True,True,False
4bcb814456f044919bc052c208dbebc5,scene-0644,"Rain, parked cars, parking lot, ped, parked truck, construction vehicle, sign trailer",boston-seaport,n008,40,19.499604,6,False,True,False,True,False,False,True,False,True
38b3010304734913bb148d17ebbc352b,scene-0645,"Rain, parked cars, wait at intersection, ped crossing crosswalk, turn right, truck",boston-seaport,n008,41,19.899934,6,False,True,False,True,False,True,True,False,True
491322eec05043c9907c59aa35b046ea,scene-0646,"Heavy, parking lot, truck, concrete barricades",boston-seaport,n008,40,19.800909,6,False,False,False,False,False,False,False,False,True
37cfda558193400bbe3a5ff14ae4606e,scene-0647,"Rain, parked cars, parked buses",boston-seaport,n008,41,19.89885,6,False,True,False,False,False,False,True,False,False
a6fae4900f8e46cba689b59b5bc8a2ab,scene-0648,"Rain, cross intersection, reflections, bicycle rack, bus",boston-seaport,n008,40,19.750642,6,False,True,False,False,False,True,False,True,True
b7bb8ec5bf22476f8ba8ca0b2e57e8f6,scene-0649,"Rain, parked scooter, parked bicycle, wait at intersection",boston-seaport,n008,41,19.901075,6,False,True,False,False,False,True,True,True,False
406a61a4d394432e95a7e8426a97551f,scene-0650,"Rain, reflections, parking lot, arrive at intersection",boston-seaport,n008,40,19.598583,6,False,True,False,False,False,True,False,False,False
d7823d64ca1a47c5842beb6d7197042d,scene-0651,"Rain, start at intersection, parked cars, wait to turn, trash can, turn left",boston-seaport,n008,41,19.751195,6,False,True,False,False,False,True,True,False,False
c468cdcc838143d480b5b9c835c8380c,scene-0652,"Rain, wait at intersection, peds crossing, parked cars",boston-seaport,n008,41,19.851824,6,False,True,False,True,False,True,True,False,False
08110c8640454affb5167801442a85fd,scene-0653,"Parked cars, jaywalkers, parked truck",boston-seaport,n008,41,19.80097,6,False,False,False,False,False,False,True,False,True
9056ac9944e846109b00e31cc96259cb,scene-0654,"Turn right, crane, policemen on road, parked cars",boston-seaport,n008,40,19.549143,6,False,False,False,False,False,True,True,False,False
bebf5f5b2a674631ab5c88fd1aa9e87a,scene-0655,"Parking lot, parked cars, jaywalker, bendy bus, gardening vehicles",boston-seaport,n008,41,19.799171,6,False,False,False,False,False,False,True,False,True
ab7f4909bc6c4841a12020355a7d505c,scene-0656,"Parked cars, jaywalker, parked bicycle, parking lot",boston-seaport,n008,40,19.547929,7,False,False,False,False,False,False,True,True,False
cf3db17f34cd412faca3535ac8c7069a,scene-0657,"Parking lot, turn left, heavy truck",boston-seaport,n008,41,19.802956,7,False,False,False,False,False,True,False,False,True
ff6af17f52c34e9c9958c64e41fb3786,scene-0658,"Wait at intersection, peds crossing crosswalk, scooter, turn left, heavy truck, bus stop",boston-seaport,n008,40,19.549231,7,False,False,False,True,False,True,False,True,True
35c3bc100e4b4e5089820986d3f50fa3,scene-0659,"Peds, parking lot, large truck, scooter",boston-seaport,n008,40,19.497733,7,False,False,False,True,False,False,False,True,True
77c9f156f8594ed59dcdacb8b877a7ac,scene-0660,"Painted truck, parked cars",boston-seaport,n008,40,19.551407,7,False,False,False,False,False,False,True,False,True
97349fd50e694a5f994b0954047b96d0,scene-0661,"Parked cars, turn left, construction",boston-seaport,n008,40,19.499833,7,False,False,False,False,False,True,True,False,False
06c43bc74aff453081ce83eb126a756e,scene-0662,"Parked cars, construction, wait at intersection, jaywalker",boston-seaport,n008,40,19.548802,7,False,False,False,False,False,True,True,False,False
5b9c64f03f8b4a4f8189a18d74f866c2,scene-0663,"Parked cars, turn left, parked bicycles, construction vehicle",boston-seaport,n008,40,19.500248,7,False,False,False,False,False,True,True,False,True
881c0b8d8efe4006a6c974128ee7f7c2,scene-0664,"Huge truck, parked trucks",boston-seaport,n008,41,19.901079,7,False,False,False,False,False,False,True,False,True
45275e709d4a4b0592d57850d8e8bd8d,scene-0665,"Sitting ped, parking lot, turn left, wait at intersection, police car, turn left",boston-seaport,n008,41,19.899943,7,False,False,False,True,False,True,False,False,False
e323a27a0ba94ab5ab11010d778cd41f,scene-0666,"Parking lot, jaywalker",boston-seaport,n008,41,19.89827,7,False,False,False,False,False,False,False,False,False
d39c6835da754adfa0f75183e685c403,scene-0667,"Bendy bus, peds having a picnic, overtake truck, parked car",boston-seaport,n008,40,19.500706,7,False,False,False,True,False,False,True,False,True
e8bda599a2d44d76a7692caeacb1ba6e,scene-0668,"Parked bus, crane, construction",boston-seaport,n008,41,19.900472,7,False,False,False,False,False,False,True,False,True
30783e1b472a4101b82be19e41636ba2,scene-0669,"Turn right, dense traffic, ped sitting at bus stop, parking lot",boston-seaport,n008,41,19.647925,7,False,False,False,True,False,True,False,False,True
66be189398d74681a8b8db4b7dd52259,scene-0670,"Wait at intersection, heavy truck, personal mobility device, bus, ped crossing crosswalk",boston-seaport,n008,41,19.849628,7,False,False,False,True,False,True,False,False,True
d1ece215e0a8442691cb5e380a6fb935,scene-0671,"Cars, heavy truck, personal mobility, arrive at intersection, peds",boston-seaport,n008,41,19.849075,7,False,False,False,True,False,True,False,False,True
f612aec0c3e34e32b2e9e48670cdecca,scene-0672,"Wait at intersection, heavy truck, personal mobility",boston-seaport,n008,41,19.899878,7,False,False,False,False,False,True,False,False,True
b528f78de55e41d9bb3382176dae1a4c,scene-0673,"Construction, bus, wait at intersection, ped crossing crosswalk",boston-seaport,n008,40,19.54884,7,False,False,False,True,False,True,False,False,True
fccdb073bc54449a99f033e040ad51a2,scene-0674,"Parked cars, bridge, wheelchair",boston-seaport,n008,41,19.850706,7,False,False,False,False,False,False,True,False,False
3b5f3391078e48ac92600cbdfa4ccbe6,scene-0675,"Excavator, wheelchair on road, construction",boston-seaport,n008,40,19.44926,7,False,False,False,False,False,False,False,False,False
b8be4950e73743a8841d545fcb145706,scene-0676,"Wheelchair, construction",boston-seaport,n008,40,19.650016,7,False,False,False,False,False,False,False,False,False
70c3b2f2b1f3403083fd44d06cc5abe0,scene-0677,"Wheelchair, construction, personal mobility",boston-seaport,n008,41,19.899944,7,False,False,False,False,False,False,False,False,False
53d376c20b7146349a53554a4616c48c,scene-0678,"Wheelchair, personal mobility, stroller, bus, construction",boston-seaport,n008,41,19.651116,7,False,False,False,False,False,False,False,False,True
3469d30a6e2a4d878fb0ff899346b7de,scene-0679,"Personal mobility, wheel chair, construction, peds, construction vehicle",boston-seaport,n008,41,19.849638,7,False,False,False,True,False,False,False,False,True
52bb785dcb5548a1836898f14fb3cf6d,scene-0681,"Wait at intersection, construction, bicycle, peds, lots of barriers and traffic cones",boston-seaport,n008,40,19.648894,7,False,False,False,True,False,True,False,True,False
cab845a2e8864482993ac62811f879c1,scene-0683,"Wait at intersection, construction, start at intersection",boston-seaport,n008,40,19.498536,7,False,False,False,False,False,True,False,False,False
62d9a581c7114d90a48bacfb2a47b104,scene-0684,"Bridge, many peds, bus",boston-seaport,n008,41,19.901023,7,False,False,False,True,False,False,False,False,True
53d4c9a634df4fdfadf057d3a216e98f,scene-0685,"Wait at crosswalk, many peds, turn right, peds crossing crosswalk, bus, sitting peds",boston-seaport,n008,41,19.85242,7,False,False,False,True,False,True,False,False,True
a6ebe93557f24cf9bcf613dbff0aab24,scene-0686,"Many peds, jaywalkers, wait at intersection, peds crossing crosswalk, bicycle, stroller",boston-seaport,n008,41,19.849604,7,False,False,False,True,False,True,False,True,False
a25d763258dc4526b52759b3ddaad7ec,scene-0687,"Bicyclists, many peds in sidewalk, turn right, bridge",boston-seaport,n008,41,19.899865,7,False,False,False,True,False,True,False,False,False
2bbae5e654224cbeb5884c471e2ad05e,scene-0688,"Arrive at intersection, many peds, cyclist, bicycle",boston-seaport,n008,41,19.899954,7,False,False,False,True,False,True,False,True,False
d9a3087bab26405cb005221b979edd39,scene-0689,"Wait at intersection until light turns green, parked bicycle",boston-seaport,n008,40,19.649426,7,False,False,False,False,False,True,True,True,False
1466f33b56704942a368fa03d10708dd,scene-0695,"Parked cars, peds, bicycle racks, cones, through intersection",boston-seaport,n008,40,19.500687,7,False,False,False,True,False,True,True,True,False
c133e78e55ae487c821803a3b183d1ab,scene-0696,"Cones, parked cars, ped crossing crosswalk",boston-seaport,n008,40,19.552126,7,False,False,False,True,False,False,True,False,False
f36162eac28641a0978032ff89e0f752,scene-0697,"Ped crossing road, parked cars, ped on sidewalk, pole, bench, trailer, cross intersection, parked bus, parking lot",boston-seaport,n008,40,19.548823,7,False,False,False,True,False,True,True,False,True
f68ef41fbd1142d3a74f71be605a2227,scene-0698,"Pullable object, peds on sidewalk, parked cars, parking lot, truck, arrive at intersection, cone",boston-seaport,n008,41,19.748989,7,False,False,True,True,False,True,True,False,True
41e0d46e715a476ab05e4d62e415ea41,scene-0700,"Overtake stopped cars, arrive at intersection, car overtaking us, barriers, turn right, stopped cars at red light, ped on sidewalk, parking lot, bus stop",boston-seaport,n008,40,19.498489,7,False,False,False,True,False,True,False,False,True
b0525843a3b0463f91d715deff733b8f,scene-0701,"Parked cars, ped on sidewalk, bicycle, car overtaking us, ped on sidewalk, parking lot, arrive at intersection, wait at intersection",boston-seaport,n008,41,19.798217,7,False,False,False,True,False,True,True,True,False
77c23b25e2ee4b9ebff6d179d3ce4a31,scene-0703,"Wait at intersection, cars, parking lot, cars overtaking us, cone, cross intersection",boston-seaport,n008,40,19.549353,7,False,False,True,False,False,True,False,False,False
1891b66d9f58463399aa242f3b521232,scene-0704,"Cars, bicycles, peds on sidewalk, parking lot, arrive at intersection, wait at intersection, truck, motorcycle",boston-seaport,n008,40,19.547129,7,False,False,False,True,False,True,False,True,True
23e33c8bba1f411ba5871dc074f8dbf8,scene-0705,"Wait at intersection, truck, peds crossing crosswalk, ped on sidewalk, bicycles on sidewalk, cyclists",boston-seaport,n008,40,19.550438,7,False,False,False,True,False,True,False,False,True
1ad821fcfc9f4c24bb879ec7d5ba0ec1,scene-0706,"Cross intersection, cars, cones, cars overtaking us, cyclist on sidewalk",boston-seaport,n008,41,19.551029,7,False,False,False,False,False,True,False,False,False
1b3b150c9d3e4e1593e7ce882a69f870,scene-0707,"Construction, peds on sidewalk, arrive at intersection, bicyclist on sidewalk, cross intersection, bus stop, parked cars",boston-seaport,n008,40,19.501811,7,False,False,False,True,False,True,True,False,True
fe3aa64e4339456186c38c6308f5fb1a,scene-0708,"Parked cars, peds on sidewalk, cones, ped on sidewalk, arrive at intersection, cross intersection",boston-seaport,n008,40,19.648898,7,False,False,False,True,False,True,True,False,False
cd122d67c51c4fa4902486897cad91ad,scene-0709,"Parked cars, peds on sidewalk, cones, trailer, construction vehicle, metal box, cars overtaking us",boston-seaport,n008,41,19.649988,7,False,False,False,True,False,False,True,False,True
0c13be31e9854d97960d1af570db433f,scene-0710,"Cones, parked cars, peds on sidewalk, truck, peds crossing road, wait, car overtaking us, ped crossing crosswalk",boston-seaport,n008,40,19.499616,7,False,False,False,True,False,False,True,False,True
5674c9e612cc4f7793330a361755830a,scene-0711,"Change lane, truck, cars, cones, ped on sidewalk, bus, wait, car overtaking us",boston-seaport,n008,41,19.748955,7,False,False,False,True,False,False,False,False,True
fb20ca9935c4439e8125ba830abcf9dc,scene-0712,"Cones, cars, peds on sidewalk, truck, construction vehicle, arrive at intersection, cross intersection, change lane, pole, bridge",boston-seaport,n008,40,19.401162,7,False,False,False,True,False,True,False,False,True
efe3681f556b43e6aa65bf7bfc61a2f8,scene-0713,"Bridge, cars, peds on sidewalk, truck, arrive at intersection, peds crossing crosswalk",boston-seaport,n008,40,19.400078,7,False,False,False,True,False,True,False,False,True
214008f81b8b4b509c730f0c13e9491f,scene-0714,"Wait at intersection, bridge, jaywalkers, peds on sidewalk, peds crossing crosswalk",boston-seaport,n008,41,19.898835,7,False,False,False,True,False,True,False,False,False
579fb61492be4ffc97132658f8e4bb9c,scene-0715,"Wait at intersection, cars, peds on sidewalk, bridge, bicycles, cyclists, bus, ped crossing crosswalk",boston-seaport,n008,40,19.549365,7,False,False,False,True,False,True,False,False,True
30ae9c1092f6404a9e6aa0589e809780,scene-0716,"Wait at intersection, ped crossing crosswalk, cars, bus, peds on sidewalk, bridge, bicycle crossing crosswalk, turn right, parked cars",boston-seaport,n008,40,19.500145,7,False,False,False,True,False,True,True,True,True
5aa5225d0ef440519a31c1dde075dab7,scene-0717,"Parked cars, peds on sidewalks, parked trucks, cones, jaywalkers",boston-seaport,n008,40,19.550505,7,False,False,False,True,False,False,True,False,False
555c691be4704ef29559373e031441dd,scene-0718,"Jaywalkers, parked cars, parked trucks, cones, wait at intersection, peds on sidewalk",boston-seaport,n008,40,19.35029,7,False,False,False,True,False,True,True,False,False
e209e66ff7834490b212c16cb12a1ce9,scene-0719,"Jaywalkers, parked cars, parked trucks, cones, wait at intersection, peds on sidewalk, turn right, cross crosswalk, motorcycle",boston-seaport,n008,40,19.55045,7,False,False,False,True,False,True,True,True,False
ef5f945852e84fcc88cab506746a6636,scene-0726,"Wait at intersection, cars overtaking us, parked cars, peds on sidewalk, cones",boston-seaport,n008,40,19.500721,7,False,False,False,True,False,True,True,False,False
52fa2df7fde34bd58ee30cff02b73f51,scene-0727,"Wait at intersection, peds on sidewalks, parked cars, cones, peds crossing crosswalk",boston-seaport,n008,40,19.498504,7,False,False,False,True,False,True,True,False,False
3673601f263947fd9259640bd55622bd,scene-0728,"Wait at intersection, peds crossing crosswalk, parked cars, peds on sidewalk",boston-seaport,n008,40,19.499037,7,False,False,False,True,False,True,True,False,False
f92422ed4b4e427194a4958ccf15709a,scene-0730,"Car overtaking us, cones, cross intersection, parked cars, trailer, peds on sidewalk, wait at intersection",boston-seaport,n008,40,19.599691,7,False,False,False,True,False,True,True,False,True
85e8f6d6743a4897b5e07e685267868e,scene-0731,"Wait at intersection, cones, peds crossing crosswalk, parked motorcycle, bicycle, truck",boston-seaport,n008,41,19.603372,7,False,False,False,True,False,True,True,True,True
221a67d95acf448ba863917ec4d32ed0,scene-0733,"Wait at intersection, parked cars, bicycle, parked motorcycle, peds on sidewalks, truck, bus, cones",boston-seaport,n008,40,19.500673,7,False,False,False,True,False,True,True,True,True
20b987b503444b3d9996c8f66946afa3,scene-0734,"Wait at intersection, parked cars, cones, peds on sidewalks, parked motorcycle, peds on sidewalks, bus, stroller",boston-seaport,n008,40,19.54992,7,False,False,False,True,False,True,True,True,True
deab903b0b644d7a984c552968026631,scene-0735,"Cross intersection, flags, stopped bus, parked vehicles, peds, bicycle rack, parking lot, cross intersection, parked bicycle",boston-seaport,n008,40,19.599127,7,False,False,False,True,False,True,True,True,True
2f9da038274a4448bdbb83f994fc6381,scene-0736,"Parked cars, ped crossing crosswalk, parked motorcycle, peds on sidewalk, turn left, cross intersection, fence, cone",boston-seaport,n008,41,19.750085,7,False,False,True,True,False,True,True,True,False
df8dfada99a04a81bd1b102eeb84e9bc,scene-0737,"Barrier, cyclist, parked motorcycle, parked bus, cones, truck",boston-seaport,n008,40,19.650553,7,False,False,True,False,False,False,True,True,True
d3d94f2ce3dc4db4b3ba6f4aa81c3987,scene-0738,"Trailers, peds on sidewalk, barrier, trucks, bendy bus, cross roundabout, cones, parking lots, cross intersection, bicycle",boston-seaport,n008,41,19.800935,7,False,False,True,True,False,True,False,True,True
1623e7fab5174f2a84cf1b539233e3a6,scene-0739,"Parking lot, peds, child standing in vehicle, reach intersection, truck",boston-seaport,n008,41,19.900495,7,False,False,False,True,False,True,False,False,True
d95a36c034344ae2ac11daf2ba1b2c60,scene-0740,"Turn right, parking lot, parked cars, dense traffic",boston-seaport,n008,41,19.899949,7,False,False,False,False,False,True,True,False,False
66e050dbde3447e5a4b07f0d896f5864,scene-0741,"Parked cars, parking lot, peds on side walk",boston-seaport,n008,41,19.750095,7,False,False,False,True,False,False,True,False,False
1d25e9071ea94891b5eb7554e77a11bb,scene-0744,"Parked cars, parking lot, change lane and change back, arrives at intersection",boston-seaport,n008,40,19.548785,7,False,False,False,False,False,True,True,False,False
2911b04ae82a45f386ad4f79457dd73f,scene-0746,"Parked cars, parking lot, parked trucks, container, peds, arrive at intersection, wait at intersection",boston-seaport,n008,41,19.899911,7,False,False,False,True,False,True,True,False,False
373bf99c103d4464a7b963a83523fbcb,scene-0747,"Wait at intersection, peds crossing crosswalk, parking lot",boston-seaport,n008,41,19.899912,7,False,False,False,True,False,True,False,False,False
9c7062b34e064d6ab42124f3f0be233d,scene-0749,"Wait at intersection, parked large trucks, ped with pet, heavy truck turning close to ego vehicle, avoidance maneuver",boston-seaport,n008,41,19.901056,7,False,False,False,True,False,True,True,False,True
82240fd6d5ba4375815f8a7fa1561361,scene-0750,"Wait at intersection, parking lot, traffic chaos, truck blocking us, cross busy intersection, cyclist, parked cars",boston-seaport,n008,41,19.500649,7,False,False,False,False,True,True,True,False,True
103b54209e584cd4b7ed2890eca2e126,scene-0751,"Parking lot, bicycle, ped entering car, construction vehicles, parked cars",boston-seaport,n008,41,19.850715,7,False,False,False,True,False,False,True,True,False
6d6314f1865343f987ca53107b694745,scene-0752,"Parked cars, crossing intersection, overtake parked truck",boston-seaport,n008,41,19.899396,7,False,False,False,True,False,True,True,False,True
2fc3753772e241f2ab2cd16a784cc680,scene-0757,"Arrive at busy intersection, bus, wait at intersection, bicycle, peds",boston-seaport,n008,41,19.848509,7,False,False,False,True,True,True,False,True,True
c71940250758484c913c23850c284fba,scene-0758,"Ped crossing, construction vehicle, UPS truck, wait at intersection",boston-seaport,n008,40,19.498496,7,False,False,False,True,False,True,False,False,True
5726dbbea8044103be584a85e2f3ee64,scene-0759,"Wait at intersection, ped crossing crosswalk",boston-seaport,n008,40,19.50017,7,False,False,False,True,False,True,False,False,False
ea4c42715ae24b0b952c57a9af1e7731,scene-0760,"Wait at intersection, ped crossing crosswalk, turn right, narrow road",boston-seaport,n008,41,19.850771,7,False,False,False,True,False,True,False,False,False
947308824ada42fdbcff7009e815287f,scene-0761,"Construction vehicle, peds, animal, parking lot",boston-seaport,n008,41,19.851831,7,False,False,False,True,False,False,False,False,True
ea9d0ef295c14dafb5653ede3f9f29a1,scene-0762,"Parking lot, many peds, container, turn right, parked scooters, parked bicycle, bicycle rack",boston-seaport,n008,40,19.645572,7,False,False,False,True,False,True,True,True,False
cfeb880362694fa7a428aec2fd139daa,scene-0763,"Fence, parking lot, bicyclist, buses, parked cars, ped with pets",boston-seaport,n008,41,19.89993,7,False,False,False,True,False,False,True,False,False
dc8302cfccdb4812a0a4a60dde595e18,scene-0764,"Bicycle, parked cars, parked trucks, follow bicycle, construction vehicle, ped, animal, containers, parking lot",boston-seaport,n008,40,19.799854,7,False,False,False,True,False,False,True,True,True
ab5bc0504e2c4103ab306c5bd18f6791,scene-0765,"Wait at intersection, parking lot, low traffic, truck, motorcyclist",boston-seaport,n008,41,19.899925,7,False,False,False,False,False,True,False,False,True
5a3283d8aad24bba8cd36bfc1619064a,scene-0767,"Parked cars, cones, trailer, peds, children, car trunk being loaded",boston-seaport,n008,40,19.548221,8,False,False,False,True,False,False,True,False,True
078e6d7a3d4a429bba404bf12c7a98f2,scene-0768,"Parked cars, truck overtaking us, peds on sidewalk, bus, turck, construction vehicle, bicycle rack, bicycle, truck",boston-seaport,n008,41,19.849032,8,False,False,False,True,False,False,True,True,True
1e9283d1ce98428aaa3b851487eb4f58,scene-0769,"Truck, parked cars, ped crossing crosswalk, turn right, parking lot",boston-seaport,n008,41,19.899402,8,False,False,False,True,False,True,True,False,True
aedcd3cf7c4a49d7a4a43ab7443a9eb1,scene-0770,"Stationary ego vehicle, parking lot, ped on road",boston-seaport,n008,40,19.500167,8,False,False,False,True,False,False,False,False,False
21a7ba093614493b83838b9656b3558d,scene-0771,"Stationary ego vehicle, person getting out of ego vehicle, parking lot, peds",boston-seaport,n008,41,19.901054,8,False,False,False,True,False,False,False,False,False
96e5f1f0944946f391b4ef33ad623008,scene-0775,"Stationary ego vehicle, parking lot, peds, truck, cars pass by",boston-seaport,n008,41,19.899961,8,False,False,False,True,False,False,False,False,True
4bb9626f13184da7a67ba1b241c19558,scene-0777,"Stationary ego vehicle, parking lot, person getting inside ego vehicle",boston-seaport,n008,40,19.5018,8,False,False,False,False,False,False,False,False,False
ca6e45c25d954dc4af6e12dd7b23454d,scene-0778,"Parking lot, U turn, parked cars, peds",boston-seaport,n008,40,19.596914,8,False,False,False,True,False,True,True,False,False
656bb27689dc4e9b8e4559e3f6a7e534,scene-0780,"Parked cars, stop at red light, jaywalker, peds, bus",boston-seaport,n008,41,19.851841,8,False,False,False,True,False,False,True,False,True
57dc3221a3d845b5ab17ff0f98ce336f,scene-0781,"Stop at red light, bus, low traffic, peds, ped crossing crosswalk",boston-seaport,n008,40,19.500144,8,False,False,False,True,False,False,False,False,True
7061c08f7eec4495979a0cf68ab6bb79,scene-0782,"Parked cars, peds, crossing intersection, bus, trailer, cones",boston-seaport,n008,41,19.898301,8,False,False,False,True,False,True,True,False,True
40209c4e465d4b4e8341ebd52be0d842,scene-0783,"Cars, parked cars, overtaking a bus, peds, parked scooter, truck, arrive at intersection, cones",boston-seaport,n008,41,19.850153,8,False,False,False,True,False,True,True,True,True
50ff554b3ecb4d208849d042b7643715,scene-0784,"Waiting at intersection, parked cars, bus, peds, flags",boston-seaport,n008,41,19.85072,8,False,False,False,True,False,True,True,False,True
85d5e2548a5e454fa65a739ac0ac55c2,scene-0786,"Wait at intersection, construction workers, worker digging, start at intersection",singapore-queenstown,n015,40,19.499572,8,False,False,False,False,False,True,False,False,False
19284973bd0342998c37848e931a90d0,scene-0787,"Parked bicycles, bus stop, peds at bus stop, wait at intersection",singapore-queenstown,n015,40,19.49959,8,False,False,False,True,False,True,True,False,True
76b0df6376e246d284c9be42b1fc6be6,scene-0789,"Wait at intersection, ped crossing crosswalk, parking lot",singapore-queenstown,n015,40,19.500145,8,False,False,False,True,False,True,False,False,False
78f63999591a49a195b872ddc368a146,scene-0790,"Start from intersection, peds siiting, peds on sidewalk, jaywalker",singapore-queenstown,n015,40,19.549909,8,False,False,False,True,False,True,False,False,False
74d03e3b673f4a72a3f76e1b0c7840bd,scene-0791,"Peds on sidewalk, children, cross intersection, high speed, bus stop, parked bicycles",singapore-queenstown,n015,40,19.500182,8,False,False,False,True,False,True,True,False,True
34ca95580d2d4c45a68b471d5afb3e27,scene-0792,"Ped on sidewalk, peds, parked bicycle, stopped double decker bus",singapore-queenstown,n015,40,19.499611,8,False,False,False,True,False,False,True,True,True
905cfed4f0fc46679e8df8890cca4141,scene-0794,"Wait at intersection, many vehicles, motorcycles, light turns green",singapore-queenstown,n015,40,19.549867,8,False,False,False,False,False,True,False,False,False
36f27b26ef4c423c9b79ac984dc33bae,scene-0795,"Motorcycle, cars, trucks, bus, cross intersection, stopped bus, cones, peds on sidewalk",singapore-queenstown,n015,40,19.549908,8,False,False,False,True,False,True,False,True,True
c5224b9b454b4ded9b5d2d2634bbda8a,scene-0796,"Scooter, peds on sidewalk, bus, cars, truck, fake construction worker, bicycle, cross intersection, car overtaking us",singapore-queenstown,n015,40,19.599675,8,False,False,False,True,False,True,False,True,True
f24b4682fbb9482aba149534deed1cc9,scene-0797,"Cars, bus passing by, car overtaking us, wait",singapore-queenstown,n015,40,19.550447,8,False,False,False,False,False,False,False,False,True
380ff00ec86447e3b986edc8e82ffba7,scene-0798,"Start at intersection, dense traffic, stopped scooter, parked bicycles, cross intersection, truck, bus, peds",singapore-queenstown,n015,40,19.500687,8,False,False,False,True,False,True,True,True,True
ec7b7459461e4da1a236ba23e22377c9,scene-0799,"Cars, cross intersection, motorcycle overtaking us, parking lot, truck, arrive at intersection",singapore-queenstown,n015,40,19.598022,8,False,False,False,False,False,True,False,True,True
07aed9dae37340a997535ad99138e243,scene-0800,"Peds on sidewalk, cones, bus, cross intersection, parked bicycle",singapore-queenstown,n015,40,19.50127,8,False,False,False,True,False,True,True,True,True
6741d407b1b44511853e5ec7aaee2992,scene-0802,"Cones, cross intersection, peds on sidewalk, parking lot, parked bicycle",singapore-queenstown,n015,41,19.750085,8,False,False,False,True,False,True,True,True,False
5560a973257e407b8d5bf9fb92b1e0f3,scene-0803,"Cars, peds on sidewalk, parked bicycles, car passing by, changing lane",boston-seaport,n008,40,19.449138,8,False,False,False,True,False,False,True,False,False
3a3c0ea9e3ce43918ee1765afd0f1319,scene-0804,"Rain, Truck, ped on sidewalk, cars, bus, bicycle, wait at intersection",boston-seaport,n008,41,19.900486,8,False,True,False,True,False,True,False,True,True
e5a3df5fe95149b5b974af1d14277ea7,scene-0805,"Parked cars, truck, trash can, bus, ped pushing bicycle, wait at intersection",boston-seaport,n008,40,19.550434,8,False,False,False,True,False,True,True,True,True
aa54277d163d419b9f952b014112643e,scene-0806,"Rain, Wait at intersection, ped push a bicycle, cars, truck, peds on sidewalk, bus",boston-seaport,n008,41,19.898889,8,False,True,False,True,False,True,False,True,True
2cc8ffb250c44b42a888e9185810e04c,scene-0808,"Rain, trucks, cars, ped crossing crosswalk, cross intersection, cones",boston-seaport,n008,40,19.550445,8,False,True,False,True,False,True,False,False,False
e1e664292aa144bc8d0d5d6441df084c,scene-0809,"Truck, cars, cones, trailer, car overtaking us, bus",boston-seaport,n008,40,19.650559,8,False,False,False,False,False,False,False,False,True
717053dec2ef4baa913ba1e24c09edff,scene-0810,"Rain. Truck, buses, cars, peds, jaywalker, arrive at intersection",boston-seaport,n008,40,19.499042,8,False,True,False,True,False,True,False,False,True
4bf8fb20e4744bd391beb07b2424b30a,scene-0811,"Rain, Wait at intersection, trucks, cars, ped",boston-seaport,n008,40,19.500135,8,False,True,False,True,False,True,False,False,False
5a1d2867bb504c888a628ad549cc10b6,scene-0812,"Truck, cars, peds on sidewalk, cones, cross intersection, changing lanes",boston-seaport,n008,41,19.799293,8,False,False,False,True,False,True,False,False,True
8cf06ee8cd004478aa46f391310b923e,scene-0813,"Rain, Wait at intersection, trucks, cars, peds on sidewalk",boston-seaport,n008,40,19.55045,8,False,True,False,True,False,True,False,False,False
c5b36e5275cc4a2285d095e87347c49a,scene-0815,"Rain, wait at intersection, truck, turn right, parking lot, cross intersection, change lanes, parked bicycle, parked cars",boston-seaport,n008,40,19.449846,8,False,True,False,False,False,True,True,True,True
0e247ba64b9d4a34a7256b6c173b1b5d,scene-0816,"Rain, cones, cars, barrier, trailers, trucks, peds on sidewalk, cross roundabout, bird",boston-seaport,n008,41,19.751796,8,False,True,True,True,False,False,False,False,False
e3094e1174654d119b55cce4df145e02,scene-0817,"Trailer, parking lots, cones, bridge, trucks, peds",boston-seaport,n008,40,19.548787,8,False,False,False,True,False,False,False,False,True
521f01dfc8c9402e8309e047e2eea112,scene-0819,"Rain, trucks, parking lot, wait at intersection, turn right",boston-seaport,n008,41,19.800957,8,False,True,False,False,False,True,False,False,False
7937f7d56b5444fd8c55052460e23807,scene-0820,"Rain, Cross intersection, cross intersection, parking lots, peds on sidewalk, low traffic density, parked cars",boston-seaport,n008,40,19.549909,8,False,True,False,True,False,True,True,False,False
64ca274b5f69458bb5d21e0e2e071902,scene-0821,"Parking lot, parked trucks, trailers, cones, barrier, cross roundabout",boston-seaport,n008,40,19.548231,8,False,False,True,False,False,False,True,False,False
087c6e521e974c708d49cac1db095691,scene-0822,"Rain, parked cars, peds on sidewalk, construction, cross intersection",boston-seaport,n008,40,19.551035,8,False,True,False,True,False,True,True,False,False
d83994e61a1b431cacf34931801d0c78,scene-0847,"Bicycle rack, motorcycle, bus stops, low traffic, nature, parked bicycle",singapore-queenstown,n015,40,19.65002,8,False,False,False,False,False,False,True,True,True
bf753f22bc524274bc359467e0be149c,scene-0848,"Parked bicycle, jaywalker, bus, peds on sidewalk, cones, parked cars",singapore-queenstown,n015,41,19.899369,8,False,False,False,True,False,False,True,True,True
68fc5e3698a544d1bdf5847b88ad77d4,scene-0849,"Cars, cross intersection, peds on sidewalk, barriers, cars overtaking us",singapore-queenstown,n015,40,19.599672,8,False,False,False,True,False,True,False,False,False
b3f63d06b6c54ae6ae80d688f4966408,scene-0850,"Car overtaking us, peds on sidewalk, cones",singapore-queenstown,n015,41,19.899932,8,False,False,False,True,False,False,False,False,False
a5003bf9af8545a3a4c7f1f5604e8d3b,scene-0851,"Cones, cross intersection, construction vehicle, truck, many peds",singapore-queenstown,n015,40,19.54988,8,False,False,False,True,False,True,False,False,True
ea68050d37ea40688241b2dc361ec886,scene-0852,"Many peds, jaywalkers, cars, parked motorcycle, truck, arrive at intersection",singapore-queenstown,n015,41,19.899929,8,False,False,False,True,False,True,True,True,True
57f5503bf63144b8bf450315e860f58e,scene-0853,"Turn left, cars",singapore-queenstown,n015,41,19.850164,8,False,False,False,False,False,True,False,False,False
01796494e25c448dadaba70cfcc3532d,scene-0854,"Lane change, dense traffic, buses, cars, ped, arrive at intersection",singapore-queenstown,n015,40,19.500154,8,False,False,False,True,False,True,False,False,False
03a8a37d5d444674bae34336e78ac39d,scene-0855,"Ped on sidewalk, turn right, truck, cars, cross intersection, buses, motorcycle, cones, slope",singapore-queenstown,n015,41,19.899972,8,False,False,False,True,False,True,False,True,True
5dd272b76c3f4e2582040a91f2be2dde,scene-0856,"Parked buses, parked bicycles, many peds, cone",singapore-queenstown,n015,41,19.900469,8,False,False,True,True,False,False,True,False,False
cf652a711c8e40209132036a95162fed,scene-0858,"Bus, cars, motorcycles, turn left, peds on sidewalk",singapore-queenstown,n015,40,19.600236,8,False,False,False,True,False,True,False,False,True
c6072dd4f7cc47efaad77889aa465ad6,scene-0860,"Parking lot, peds on sidewalk, jaywalker, parked bicycle, arrive at intersection, wait",singapore-queenstown,n015,41,19.849639,8,False,False,False,True,False,True,True,True,False
748894952b00431186308b387c2f424c,scene-0861,"Wait at intersection, nature, scooters, peds on sidewalk, ped with umbrella, parked bicycle, taxi, jaywalker, delivery scooter, turn right",singapore-queenstown,n015,41,19.900515,8,False,False,False,True,False,True,True,True,False
c0990deaa8954a54afc86f7710f349a1,scene-0862,"Motorcycles, parked bicycle, cross intersection, peds crossing crosswalk, car passing by, peds sidewalk",singapore-queenstown,n015,40,19.400645,8,False,False,False,True,False,True,True,True,False
212fd4c9c9174635a7ec76051c8eec9e,scene-0863,"Turn right, motorcycle, cross intersection, peds on sidewalk, cars, parked bicycle",singapore-queenstown,n015,41,19.899941,8,False,False,False,True,False,True,True,True,False
5d5506d750cc41d8bd33840d5350d7ad,scene-0864,"Car passing by, parking lot, cones, bus passing by, many peds, parked truck",singapore-queenstown,n015,41,19.900472,8,False,False,False,True,False,False,True,False,True
b09162caded44198b149b4bce3558056,scene-0865,"Many peds, parking lot, parked bicycle, bus, parked motorcycles, turn right, cross intersection, stopped truck, people on truck",singapore-queenstown,n015,41,19.849088,8,False,False,False,True,False,True,True,True,True
dac50250c406439480be8b44d2c5a634,scene-0866,"Cross intersection, parking lot, peds on sidewalk, parked motorcycle",singapore-queenstown,n015,41,19.899396,8,False,False,False,True,False,True,True,True,False
40a2faa275fe4b9bb7412259485bb46e,scene-0868,"Rain, turn right, bridge, peds, ships, ped with umbrella",boston-seaport,n008,41,19.65053,8,False,True,False,True,False,True,False,False,False
fd0d4fdda5c04f7eb43ecd2097df56fa,scene-0869,"Rain, peds, bridge, parked cars, parking lot, bicycle rack, jaywalker, parked bicycle",boston-seaport,n008,41,19.898847,8,False,True,False,True,False,False,True,True,False
76b36918bd4c487581a4196ffd1b1434,scene-0870,"Rain, waiting at red light, parked cars, peds",boston-seaport,n008,40,19.550445,8,False,True,False,True,False,False,True,False,False
f55c8c62235146d895f611176fd0a5dc,scene-0871,"Rain, parked cars, parked bicycle, peds, animal, waiting at red light",boston-seaport,n008,41,19.90047,8,False,True,False,True,False,False,True,True,False
40516b7f46e548d19dfee580e9a5afa6,scene-0872,"Rain, peds, truck, wait at red light, parked cars, parking lot, parked bicycle",boston-seaport,n008,41,19.899923,8,False,True,False,True,False,False,True,True,True
6b6a24b7ae6b40ee95d60918f7f4cb2e,scene-0873,"Rain, waiting at intersection, jaywalkers, peds, parking lot, bus",boston-seaport,n008,40,19.550444,8,False,True,False,True,False,True,False,False,True
13be0238abba499e95ba4e6404b22223,scene-0875,"Rain, wait at intersection, construction, truck turning",boston-seaport,n008,40,19.495609,8,False,True,False,False,False,True,False,False,True
e15260c4ed5b4505900d497ef92ddd2d,scene-0876,"Rain, construction site, cones, barriers, construction worker, parked cars, parking lot, bridge, peds",boston-seaport,n008,40,19.900472,8,False,True,False,True,False,False,True,False,False
938479858b4849dd8ceddc11c154082b,scene-0877,"Rain, parked cars, barriers, cones, containers, truck, person standing on truck, ped, construction site, construction vehicle, parking lot, bus",boston-seaport,n008,39,19.299483,8,False,True,False,True,False,False,True,False,True
6447a9c30b0140d783871b08104ae7b3,scene-0878,"Rain, bus, parked cars, parked scooter, parked bicycle, waiting at intersection",boston-seaport,n008,40,19.551571,8,False,True,False,False,False,True,True,True,True
d033fb0d79ea42b9a356fa5162172598,scene-0880,"Rain, parked cars, parked bicycle, parked scooter, barriers, fence, bus, cones, turn left, peds",boston-seaport,n008,41,19.80149,8,False,True,False,True,False,True,True,True,True
c31adab2faea4db6ae5673eb8a507d00,scene-0882,"Rain, wait at intersection, truck, parked cars, peds, parking lot, turn left",boston-seaport,n008,40,19.549362,8,False,True,False,True,False,True,True,False,True
ee909cb746e44174be804f26bc971efe,scene-0883,"Rain, peds, parking lot, truck, waiting at intersection",boston-seaport,n008,41,19.902149,8,False,True,False,True,False,True,False,False,True
23663ff8f4614b8bb005d67e51a69283,scene-0884,"Rain, jaywalker, truck, parked cars, stop at red light",boston-seaport,n008,40,19.500714,8,False,True,False,False,False,False,True,False,True
d58468c6097c425e89671a7b3f480acf,scene-0885,"Rain, truck, peds, parked cars, ships",boston-seaport,n008,40,19.548806,8,False,True,False,True,False,False,True,False,True
3289046b886f4c98a676bd7e6a3c6ef1,scene-0886,"Rain, peds, truck, ships, cones, parked cars, barriers, arrive at intersection",boston-seaport,n008,41,19.799287,8,False,True,False,True,False,True,True,False,True
857922568e4e4fb89c3ee3010eb93c7c,scene-0887,"Rain, truck, peds, waiting at intersection",boston-seaport,n008,40,19.59906,8,False,True,False,True,False,True,False,False,True
dcdea563c77544bb887de11d87619d3c,scene-0888,"Rain, peds, truck, cones, parked cars, turn right, parking lot, animal",boston-seaport,n008,40,19.55046,8,False,True,False,True,False,True,True,False,True
53e8446852bf488bb1b09ae032918bbd,scene-0889,"Rain, wait at intersection, bicycle racks, peds, ped with umbrella, ped crossing crosswalk, ped with bag, parking lot, truck",boston-seaport,n008,40,19.650532,8,False,True,False,True,False,True,False,True,True
c77e6ecf108c4c8b80d35d84642c805f,scene-0890,"Rain, parking lot, parked cars, truck, wait at intersection, parked bicycles, peds, barriers",boston-seaport,n008,40,19.549358,8,False,True,False,True,False,True,True,False,True
782f9486adbd4546a492e69b6697ef70,scene-0891,"Rain, parking lot, parked bicycles, parked cars, bicycle rack, turn left, peds, ped crossing crosswalk, cross intersection, barriers",boston-seaport,n008,40,19.499592,8,False,True,False,True,False,True,True,True,False
2131d9fd2c48418081875019e35cf6a2,scene-0892,"Rain, parked cars, barriers, peds, parked bicycle, parked scooter, bicycle rack, parking lot, crossing intersection",boston-seaport,n008,40,19.500707,8,False,True,False,True,False,True,True,True,False
3014465d5958427aac89c4f15b6050dd,scene-0893,"Rain, parked cars, peds, cross intersection, cones, ped crossing crosswalk, parked bicycles, cones",boston-seaport,n008,40,19.551007,8,False,True,False,True,False,True,True,False,False
65cfdc10a42e499ea704c617e077afe0,scene-0894,"Rain, parked cars, peds, cones, jaywalker, parked bicycle, turn left",boston-seaport,n008,40,19.549907,9,False,True,False,True,False,True,True,True,False
e083627747d8499a8c4e94c7abf941e2,scene-0895,"Rain, parked cars, cones, peds, car leaving parking garage, cross intersection, construction site, construction vehicle, barrier",boston-seaport,n008,41,19.800393,9,False,True,True,True,False,True,True,False,True
fd4ef697de684d0a8e016a8f8ae61193,scene-0896,"Rain, parked cars, peds, construction, fence, flooded road, construction vehicle, truck, parked motorcycles, narrow street, bus, parking lot",boston-seaport,n008,40,19.748972,9,False,True,False,True,False,False,True,False,True
098c11f50ff2425a9ff994e004de1216,scene-0897,"Rain, parked cars, parking lot, ped crossing crosswalk, peds",boston-seaport,n008,40,19.500695,9,False,True,False,True,False,False,True,False,False
82aa6c89bbf744a6a5a12cc171d8376e,scene-0898,"Rain, parked cars, peds, peds crossing crosswalk, stop at red light",boston-seaport,n008,40,19.551004,9,False,True,False,True,False,False,True,False,False
881da81bb35a4bdb925e0a2884ee7f0f,scene-0899,"Rain, parked cars, peds, cross intersection, parking lot, truck, parked bicycle",boston-seaport,n008,40,19.500132,9,False,True,False,True,False,True,True,True,True
7e2d9f38f8eb409ea57b3864bb4ed098,scene-0900,"Rain, parked cars, peds, parked bicycle, parking lot, truck, turn left",boston-seaport,n008,40,19.501757,9,False,True,False,True,False,True,True,True,True
4c5c675340d14cd88a65b5e22eb9c9c1,scene-0901,"Rain, parked cars, parking lot, peds, ped crossing crosswalk",boston-seaport,n008,41,19.79875,9,False,True,False,True,False,False,True,False,False
727214583a2a478094d4f093d20c7060,scene-0902,"Rain, parked cars, parked bicycle, parked scooter, bus, cones, peds",boston-seaport,n008,40,19.500152,9,False,True,False,True,False,False,True,True,True
3e1f0257a4b8457486651de2d16b61ab,scene-0903,"Rain, wait at intersection, bicycle rack, parked cars, bus, peds, ped crossing crosswalk",boston-seaport,n008,40,19.499629,9,False,True,False,True,False,True,True,True,True
c164a8e8e8b8489f964f711f472789be,scene-0904,"Rain, parked cars, bus, peds, barriers, cross intersection, ped crossing crosswalk, construction site, cones, scooter, arrive at intersection",boston-seaport,n008,41,19.850164,9,False,True,False,True,False,True,True,True,True
d3b86ca0a17840109e9e049b3dd40037,scene-0905,"Rain, construction site, barriers, cones, peds crossing crosswalk, ship, parked cars, truck, peds, large truck",boston-seaport,n008,40,19.401156,9,False,True,False,True,False,False,True,False,True
dce6f3f2bf6b4859abcf3268581969d3,scene-0906,"Rain, parked cars, parked bicycle, peds, cones, cross intersection, parking lot, turning right",boston-seaport,n008,41,19.951029,9,False,True,False,True,False,True,True,True,False
01e4fcbe6e49483293ce45727152b36e,scene-0907,"Rain, turn right, parked cars, parking lot, peds, bus, truck, waiting",boston-seaport,n008,40,19.398975,9,False,True,False,True,False,True,True,False,True
d01e7279da2649ef896dc42f6b9ee7ab,scene-0908,"Rain, parked cars, truck, parked scooter, cones, ped",boston-seaport,n008,41,19.69975,9,False,True,False,True,False,False,True,True,True
7e8ff24069ff4023ac699669b2c920de,scene-0909,"Rain, ped, cones, parked cars, construction site, construction vehicle, parking lot, barriers",boston-seaport,n008,40,19.750086,9,False,True,False,True,False,False,True,False,True
a7d073bc435b4356a0a9a5ebfb61f229,scene-0910,"Rain, parked cars, sign trailer, construction, construction vehicle, crane, cones, truck, ped with umbrella, cross intersection, bicycle, peds crossing crosswalk, bicyclist, potential jaywalkers",boston-seaport,n008,40,19.498492,9,False,True,False,True,False,True,True,True,True
85651af9c04945c3a394cf845cb480a6,scene-0911,"Rain, parked cars, trucks, peds crossing crosswalk, peds, parked bicycles, bicycle rack",boston-seaport,n008,40,19.500129,9,False,True,False,True,False,False,True,True,False
197a7e4d3de84e57af17b3d65fcb3893,scene-0912,"Rain, parked cars, trucks, parking lot, construction vehicle",boston-seaport,n008,40,19.500691,9,False,True,False,False,False,False,True,False,True
55b3a17359014f398b6bbd90e94a8e1b,scene-0913,"Rain, parked cars, semi trailers, barriers, construction vehicle, parking lot, parked buses",boston-seaport,n008,40,19.498436,9,False,True,False,False,False,False,True,False,True
a2b005c4dd654af48194ada18662c8ca,scene-0914,"Rain, parking lot, bicycle rack, buses, jaywalker, parked scooter, arrive at intersection",boston-seaport,n008,41,19.750093,9,False,True,False,False,False,True,True,True,False
3a2d9bf6115f40898005d1c1df2b7282,scene-0915,"Rain, parked cars, turn left, peds, bus, truck, ped crossing crosswalk, suitcase, cones",boston-seaport,n008,41,19.850724,9,False,True,False,True,False,True,True,False,True
325cef682f064c55a255f2625c533b75,scene-0916,"Parking lot, bicycle rack, parked bicycles, bus, many peds, parked scooters, parked motorcycle",singapore-queenstown,n015,41,19.900506,9,False,False,False,True,False,False,True,True,True
223096a415cc45bf8ecd4c3a42251fd7,scene-0917,"Peds, jaywalkers, nature, parking lot, bus, turn left",singapore-queenstown,n015,41,19.899389,9,False,False,False,True,False,True,False,False,True
76ceedbcc6a54b158eba9945a160a7bc,scene-0919,"Greeneries, parking lot, parked car, ped, motorcycle",singapore-queenstown,n015,41,19.850745,9,False,False,False,True,False,False,True,True,False
955ff42a1990442d868cdfc0c01583d4,scene-0920,"Motorcycle, parked cars, peds, truck",singapore-queenstown,n015,41,19.89937,9,False,False,False,True,False,False,True,True,True
112ca771e318478a88cfa692f61ffcac,scene-0921,"Bus, peds, truck, turn left",singapore-queenstown,n015,41,19.90162,9,False,False,False,True,False,True,False,False,True
04219bfdc9004ba2af16d3079ecc4353,scene-0922,"Buses, peds",singapore-queenstown,n015,41,19.899367,9,False,False,False,True,False,False,False,False,False
ee48ee50025e40b4ae27dbdf84d92825,scene-0923,"Parked cars, peds on sidewalk, peds, trees, pole, intersection",singapore-queenstown,n015,40,19.400087,9,False,False,False,True,False,True,True,False,False
32185f91e68f4069ab3cdd2f4f1a4ff1,scene-0924,"Cleaner cleaning street, nature, parked car, trash can, parked vehicles, parked bicycle, parking lot, bump, parked bicycle",singapore-queenstown,n015,40,19.550461,9,False,False,False,False,False,False,True,True,False
696a45dbd11346b794fdce43fa0a1770,scene-0925,"Wait, peds crossing crosswalk, bus",singapore-queenstown,n015,40,19.549903,9,False,False,False,True,False,False,False,False,True
c4df079d260241ff8015218e29b42ea7,scene-0926,"Intersection, turn right, ped on the sidewalk, cars, stopped car, parked vehicles",singapore-queenstown,n015,41,19.900482,9,False,False,False,True,False,True,True,False,False
5521cd85ed0e441f8d23938ed09099dd,scene-0927,"Parked cars, peds on sidewalk, peds, trees, intersection",singapore-queenstown,n015,40,19.550461,9,False,False,False,True,False,True,True,False,False
e036014a715945aa965f4ec24e8639c9,scene-0928,"Peds on sidewalk, parked cars, intersection, peds on sidewalk, turn right, motorcycle, parked vehicles, tree",singapore-queenstown,n015,40,19.49963,9,False,False,False,True,False,True,True,True,False
cb3e964697d448b3bc04a9bc06c9e131,scene-0929,"Ped, car, turn right, peds on sidewalk, pole, signboard, intersection",singapore-queenstown,n015,40,19.450351,9,False,False,False,True,False,True,False,False,False
a04daf2d0f194b2ab2ff2a47dfebc1d7,scene-0930,"Intersection, ped on sidewalk, motorcycle, parked cars, bushes",singapore-queenstown,n015,40,19.648867,9,False,False,False,True,False,True,True,True,False
e60ef590e3614187b7800db3e5284e1a,scene-0931,"Turn right, parked scooters, nature, parking lot, peds, bump, arrive at parking bay",singapore-queenstown,n015,40,19.50069,9,False,False,False,True,False,True,True,False,False
209e9e9c3a2e4a399c44b6aa8be659d6,scene-0945,"Enter road, turn left, workers, construction, construction vehicle, bus, back up to avoid cone, turn left, many peds",singapore-onenorth,n015,41,19.89936,9,False,False,True,True,False,True,False,False,True
93036f2be8de445aad06b727b848cea5,scene-0947,"Many peds, jaywalker, parked motorcycle, turn left, parked bicycles",singapore-onenorth,n015,40,19.549904,9,False,False,False,True,False,True,True,True,False
8461c1125eaf46c7abaf4ee18e8c4ee6,scene-0949,"Parking lot, barriers, people at parking lot, parked bicycle, cones, peds, jaywalker",singapore-onenorth,n015,40,19.549898,9,False,False,False,True,False,False,True,True,False
a4fe925930de41489b12b85b77d2f0cb,scene-0952,"Parked vehicles, construction worker, parked bicycle, peds, parked vehicles, jaywalkers, ped carrying object, ped with backpack, cross intersection",singapore-onenorth,n015,40,19.500697,9,False,False,False,True,False,True,True,True,False
43017e1e57174925ae241b2ebff7991b,scene-0953,"Peds in sidewalk, parked vehicles, jaywalkers, parked scooter",singapore-onenorth,n015,40,19.551053,9,False,False,False,True,False,False,True,True,False
f77e66f97d204b5da547f6c007dc2abf,scene-0955,"Parked scooter, peds, parked bicycles, jaywalker, many peds, parked car",singapore-onenorth,n015,40,19.550466,9,False,False,False,True,False,False,True,True,False
75548269eb0a4614a6f84ab8d7713196,scene-0956,"Many peds, stopped car, peds crossing crosswalk, waiting at red light",singapore-onenorth,n015,40,19.548789,9,False,False,False,True,False,False,False,False,False
2135a00f664d4a3bbfb938e007befa06,scene-0957,"Waiting at red light, peds, motorcycle",singapore-onenorth,n015,41,19.750645,9,False,False,False,True,False,False,False,True,False
02e484442a2f411b971edcf96ebbe885,scene-0958,"Motorcycle, peds, ped crossing crosswalk, scooter, parked cars, person getting out of car",singapore-onenorth,n015,40,19.600783,9,False,False,False,True,False,False,True,True,False
31cb85777b814e0ab6ae6d146964b6ae,scene-0959,"Parked vehicles, person lifting box, ped getting in van, peds, parked motorcycle",singapore-onenorth,n015,41,19.7993,9,False,False,False,True,False,False,True,True,False
21464a6831c1443db294d1b56a7a33a5,scene-0960,"Parked motorcycle, motorcyclist, parked bicycle, peds, turn left",singapore-onenorth,n015,40,19.500159,9,False,False,False,True,False,True,True,True,False
5a2aac9df32945d183fc81924ff148b6,scene-0961,"Construction workers, barriers, construction vehicle, parked car, turn right, parked scooter",singapore-onenorth,n015,41,19.799865,9,False,False,False,False,False,True,True,True,True
2086743226764f268fe8d4b0b7c19590,scene-0962,"Bus, many peds, changing lane, parked van, cones, low traffic",singapore-onenorth,n015,41,19.949757,9,False,False,False,True,False,False,True,False,True
4efbf4c0b77f467385fc2e19da45c989,scene-0963,"Motorcycle, wait at intersection, cones, cars, bus",singapore-onenorth,n015,40,19.499539,9,False,False,False,False,False,True,False,True,True
c92fdd793fbb4401b12782a9b8d4a499,scene-0966,"Many peds, construction, peds unloading trucks, narrow road, avoidance, parked scooter, parking lot, parked bicycles",singapore-onenorth,n015,41,19.600329,9,False,False,False,True,False,False,True,True,False
6776b91389394ff18e57b269863b4dbf,scene-0967,"Peds on sidewalk, parked cars, parked motorcycle",singapore-onenorth,n015,41,19.70003,9,False,False,False,True,False,False,True,True,False
931c5c57011944459bba3825ab8777a9,scene-0968,"Wait at intersection, peds on sidewalk, turn right, cones, cross intersection",singapore-onenorth,n015,41,19.699231,9,False,False,False,True,False,True,False,False,False
aacd6706a091407fb1b0e5343d27da7e,scene-0969,"Cones, cars, many peds, changing lane, parking lot, parked cars, parked motorcycles",singapore-onenorth,n015,40,19.50049,9,False,False,False,True,False,False,True,False,False
64bfc5edd71147858ce7446892d7f864,scene-0971,"Cross T junction, peds, parked motorcycles, turn right, jaywalker",singapore-onenorth,n015,40,19.498844,9,False,False,False,True,False,True,True,False,False
e005041f659c47e194cd5b18ea6fc346,scene-0972,"Parked bicycles, peds, ped walk along the road, parked cars, motorcycle, bus",singapore-onenorth,n015,41,19.70011,9,False,False,False,True,False,False,True,True,True
55b44b64f35c48689cdca8c39b672db4,scene-0975,"Wait at intersection, many peds, bus, cars",singapore-onenorth,n015,41,19.900471,9,False,False,False,True,False,True,False,False,True
7f03cd19d9cc4381a591fca00666d7ed,scene-0976,"Wait at intersection, many peds, cars, peds crossing crosswalk",singapore-onenorth,n015,40,19.59861,9,False,False,False,True,False,True,False,False,False
1319a9c0288f4ff9ae32d3f33b3bae17,scene-0977,"Wait at intersection, many peds, ped push a trolley, cars, peds crossing crosswalk",singapore-onenorth,n015,40,19.500191,9,False,False,False,True,False,True,False,False,False
8b93e49bac094cf0a1c3ea983912f89f,scene-0978,"Wait at intersection, cars, motorcycle, many peds",singapore-onenorth,n015,41,19.898808,9,False,False,False,True,False,True,False,True,False
8383c0b1422b46ad90e2a64ff3e91fcf,scene-0979,"Many peds, motorcycle, cars, cross intersection, car overtaking us, parked bicycle",singapore-onenorth,n015,40,19.500139,9,False,False,False,True,False,True,True,True,False
a2e8f126913b4f72909e06d881dc5a8b,scene-0980,"Construction, many peds, lane blocked, switch lane, workers, bicycle rack, truck, parked scooter",singapore-onenorth,n015,41,19.85016,9,False,False,False,True,False,False,True,True,True
2422d2652f4f42298a389a6e0dfef307,scene-0981,"Construction workers, cones, many barrier, truck, construction vehicle, many peds, wait, barriers, construction zone",singapore-onenorth,n015,41,19.850165,9,False,False,True,True,False,False,False,False,True
8fe2dd6f533646b39c8e81316597c52b,scene-0982,"Truck, barrier, many peds, cones, cars, wait behind intersection, construction vehicle, arrive at intersection",singapore-onenorth,n015,41,19.900522,9,False,False,True,True,False,True,False,False,True
76c632788f8c4516bef1c4297f2002f6,scene-0983,"Construction vehicle, cones, peds crossing crosswalk, peds on sidewalk, motorcycle, parked bicycles",singapore-onenorth,n015,40,19.649434,9,False,False,False,True,False,False,True,True,True
0be1ff07a8f148ca9535fb7f0deaf828,scene-0984,"Parked bicycles, many peds, jaywalker, turn right",singapore-onenorth,n015,40,19.549324,9,False,False,False,True,False,True,True,False,False
37284f813cc74496971ff58f5d37400a,scene-0988,"Parking lot, turn right, cross intersection, parked bicycle, parked motorcycle, peds",singapore-onenorth,n015,41,19.799834,9,False,False,False,True,False,True,True,True,False
a4bfab3710d4494aa3c9a443c1bf5573,scene-0989,"Many peds, cross intersection, ped crossing crosswalk, parked bicycle",singapore-onenorth,n015,40,19.500179,9,False,False,False,True,False,True,True,True,False
7f6043918b234b68a61e6caab7a33346,scene-0990,"Parked bicycles, peds on sidewalk, parking lot, barrier",singapore-onenorth,n015,41,19.84961,9,False,False,True,True,False,False,True,False,False
c2d5a5e7f7dc4e12b967fff22a0e1bf1,scene-0991,"Parking lot, cones, ped on sidewalk",singapore-onenorth,n015,41,19.901028,9,False,False,False,True,False,False,False,False,False
ca6abd081eaf48689f06b5e8fcc9d369,scene-0992,"Night, ped in dark, parked cars",singapore-queenstown,n015,41,19.850713,9,True,False,False,True,False,False,True,False,False
e71f69d57d944b6cb0ffc516a88b6104,scene-0994,"Night, bump, ped in dark, low traffic, roundabout",singapore-queenstown,n015,40,19.550461,9,True,False,False,True,False,False,False,False,False
c6d1085c40614693a046dae3168bdb35,scene-0995,"Night, ped, bus, slope, flyover",singapore-queenstown,n015,40,19.39837,9,True,False,False,True,False,False,False,False,True
796e7ae080984a0ab2b96ce80f18ca3b,scene-0996,"Night, gate, bus, bus stop, cyclist, peds",singapore-queenstown,n015,40,19.651671,9,True,False,False,True,False,False,False,False,True
599c50b42e294116bd702c9e5cc830a3,scene-0997,"Night, bridge, oncoming cars, scooter, roundabout",singapore-queenstown,n015,41,19.848505,9,True,False,False,False,False,False,False,True,False
242ac1b59fec4e0c9c200ffca81775e2,scene-0998,"Night, roundabout, bus, ped crossing crosswalk",singapore-queenstown,n015,40,19.651104,9,True,False,False,True,False,False,False,False,True
f30849d00388491fa6997a13d56c73fd,scene-0999,"Night, ped, slope, distant cars, view down",singapore-queenstown,n015,40,19.80037,9,True,False,False,True,False,False,False,False,False
09f67057dd8346388b28f79d9bb1cf04,scene-1000,"Night, turn right, peds, lights",singapore-queenstown,n015,41,19.850175,9,True,False,False,True,False,True,False,False,False
8adaf76e6005413181924e6c83053a21,scene-1001,"Night, bump, bus, peds, lights",singapore-queenstown,n015,41,19.848516,9,True,False,False,True,False,False,False,False,True
fdf27bbde3e345bd9ac83cbe9a3c813a,scene-1002,"Night, lane change, bump, turn left, peds, peds push stroller, cars",singapore-queenstown,n015,40,19.500135,9,True,False,False,True,False,True,False,False,False
126aa95f38b649fa857d48672c8ad808,scene-1003,"Night, ped running, peds, bus",singapore-queenstown,n015,41,19.899947,9,True,False,False,True,False,False,False,False,True
edf6a55a70114f6296143ed471251804,scene-1004,"Night, many peds, parking lots",singapore-queenstown,n015,41,19.850746,9,True,False,False,True,False,False,False,False,False
6e820d4c44b74793aacd0c7091488865,scene-1005,"Night, bus, peds, crosswalk, parking lot",singapore-queenstown,n015,40,19.500692,9,True,False,False,True,False,False,False,False,True
e12dee10fe2545e4ab88459ed4268bc6,scene-1006,"Night, bus, peds, parked cars, sitting ped",singapore-queenstown,n015,41,19.899415,9,True,False,False,True,False,False,True,False,True
3032b651c72e4b5c86d4dea1b4930689,scene-1007,"Night, truck, turn left",singapore-queenstown,n015,40,19.398912,10,True,False,False,False,False,True,False,False,True
c610d0ac2e2045a5972bda66ac42ede3,scene-1008,"Night, peds in dark, lights, scooters, parking garage",singapore-queenstown,n015,40,19.499024,10,True,False,False,True,False,False,False,False,False
ea0979999bf84ee6a6230b1bde7ec723,scene-1009,"Night, peds on sidewalk, slope, motorcycles, parking garage, parked cars",singapore-queenstown,n015,41,19.850169,10,True,False,False,True,False,False,True,False,False
b2119bd765a94b0cb705424800307bbf,scene-1010,"Night, bus, peds wearing dark clothes, low traffic",singapore-queenstown,n015,40,19.600237,10,True,False,False,True,False,False,False,False,True
270fe8382f884386b3445143fa946200,scene-1011,"Night, bus, parked cars, peds",singapore-queenstown,n015,40,19.8004,10,True,False,False,True,False,False,True,False,True
32bae098e2434a09af1e7983e31fbf5c,scene-1012,"Night, peds, cars",singapore-queenstown,n015,40,19.549901,10,True,False,False,True,False,False,False,False,False
2bfb95d8ba3a4c11869f4d6635784640,scene-1013,"Night, cars, bus",singapore-queenstown,n015,40,19.549354,10,True,False,False,False,False,False,False,False,True
29dee0b8210b410a9b3421f0cb39019f,scene-1014,"Night, bump, cars, turn right, bus, peds, ped in dark",singapore-queenstown,n015,41,19.750623,10,True,False,False,True,False,True,False,False,True
69a38ccf0894467fbae658d28d4fd10a,scene-1015,"Night, peds, bus stop, turn left, low traffic, bump",singapore-queenstown,n015,40,19.248596,10,True,False,False,True,False,True,False,False,True
f0f7132494bc4045a21868aca13b56f9,scene-1016,"Night, peds, bus stop, bump, ped crossing crosswalk, bus",singapore-queenstown,n015,40,19.49907,10,True,False,False,True,False,False,False,False,True
34a9823fac0d4b9db30898e00b5f9f9c,scene-1017,"Night, ped, cars, bump, scooter, congestion",singapore-queenstown,n015,40,19.499618,10,True,False,False,True,True,False,False,True,False
faa975eaad804c85bd8f2da9b30c8d9a,scene-1018,"Night, turn right, cars, bus, bus stop, scooter",singapore-queenstown,n015,41,19.799253,10,True,False,False,False,False,True,False,True,True
d4d2faa310a748dda508d15c6d5c4244,scene-1019,"Night, scooter, light, peds crossing crosswalk, bus stop",singapore-queenstown,n015,40,19.649442,10,True,False,False,True,False,False,False,True,True
7bbc6931b39b4ba3834240618fc4a4c2,scene-1020,"Night, peds, bus, bus stop",singapore-queenstown,n015,40,19.449813,10,True,False,False,True,False,False,False,False,True
fee7ac5f5c1e4943877cd20d6e069427,scene-1021,"Night, peds in dark, arrive at intersection, bus",singapore-queenstown,n015,40,19.651101,10,True,False,False,True,False,True,False,False,True
797700339b014fb6aa61c1ea3778d587,scene-1022,"Night, bus, bump, scooter, peds, very dark, lights",singapore-queenstown,n015,40,19.550492,10,True,False,False,True,False,False,False,True,True
d9161e521b1644cea4cb9e3f21ef9f79,scene-1023,"Night, bus, wait",singapore-queenstown,n015,40,19.549357,10,True,False,False,False,False,False,False,False,True
19640fe4b6894f97b16e0faad51432b4,scene-1024,"Night, peds, bus",singapore-queenstown,n015,40,19.550471,10,True,False,False,True,False,False,False,False,True
2a334f5c4615465f86a250d4758a2d7d,scene-1025,"Night, peds, parked cars, cyclist",singapore-queenstown,n015,40,19.550448,10,True,False,False,True,False,False,True,False,False
f634de95cc7043b8b38ceaac67d472cf,scene-1044,"Night, motorcycles, dense traffic, congestion, arrive at intersection",singapore-hollandvillage,n015,41,19.799845,10,True,False,False,False,True,True,False,False,False
8d8728879b89405eba3f8ce1af138cb2,scene-1045,"Night, wait at intersection, dense traffic, motorcycles, truck",singapore-hollandvillage,n015,41,19.799273,10,True,False,False,False,False,True,False,False,True
4f679c8f8f6d4f5d8466253dda4733ba,scene-1046,"Night, wait at intersection, dense traffic, motorcycle, bus",singapore-hollandvillage,n015,40,19.549917,10,True,False,False,False,False,True,False,True,True
cd9db61edff14e8784678abb347cd674,scene-1047,"Night, dense traffic, congestion, motorcycles",singapore-hollandvillage,n015,41,19.899943,10,True,False,False,False,True,False,False,False,False
2175d0e84f224ea69907e5c338bde395,scene-1048,"Night, dense traffic, congestion, motorcycle, turn right",singapore-hollandvillage,n015,40,19.550451,10,True,False,False,False,True,True,False,True,False
9544516643a14926bf750fc71c1b307d,scene-1049,"Night, bump, motorcycle, bus, high speed, trash bins, residential area",singapore-hollandvillage,n015,40,19.500694,10,True,False,False,False,False,False,False,True,True
e631037169574c67944176bf079ee75c,scene-1050,"Night, many trash cans, followed by scooter, bus, truck, parked bicycle, bus stop, motorcycle, high speed",singapore-hollandvillage,n015,40,19.449811,10,True,False,False,False,False,False,True,True,True
bc5daf905b854dbc8944811c4b7c319d,scene-1051,"Night, bus, motorcycle, bus stop",singapore-hollandvillage,n015,40,19.549375,10,True,False,False,False,False,False,False,True,True
390f81ac97474695a727d688240e6fba,scene-1052,"Night, bump, parked car, trash bin",singapore-hollandvillage,n015,40,19.502408,10,True,False,False,False,False,False,True,False,False
4ed628299b1e45a3a73704e8cf8287a9,scene-1053,"Night, rain, bump, peds, congestion, parked car",singapore-hollandvillage,n015,41,19.748968,10,True,True,False,True,True,False,True,False,False
add2303ca41d445c8339e05769745fc0,scene-1054,"Night, turn left, bumps, lightning",singapore-hollandvillage,n015,40,19.499595,10,True,False,False,False,False,True,False,False,False
2376fcdd28a44b83962289664cee55b7,scene-1055,"Night, bump, dark, ped in dark",singapore-hollandvillage,n015,41,19.799846,10,True,False,False,True,False,False,False,False,False
16c90eedfc7943a5a4c64e84d18876a2,scene-1056,"Night, construction, trash bins, bump, residential area",singapore-hollandvillage,n015,40,19.549365,10,True,False,False,False,False,False,False,False,False
102b894332464704900264216480a8f7,scene-1057,"Night, trash cans, dark, nature, slope, bump, car, low traffic, high speed",singapore-hollandvillage,n015,41,19.900444,10,True,False,False,False,False,False,False,False,False
bfe368f8c6a44efcb323a82f6974a9a6,scene-1058,"Night, nature, car, turn, peds in sidewalk, trash bin",singapore-hollandvillage,n015,40,19.800383,10,True,False,False,True,False,True,False,False,False
034dee1695304630b0692da8c1f153fc,scene-1059,"Night, residential, car turning",singapore-hollandvillage,n015,40,19.549945,10,True,False,False,False,False,True,False,False,False
7052d21b95fc4bae8761b8d9524f3e42,scene-1060,"Night, rain, turn, ped in dark",singapore-hollandvillage,n015,40,19.550467,10,True,True,False,True,False,True,False,False,False
e8099a6136804f3bb9b38ff94d98eb64,scene-1061,"Night, turn, trash can, residential",singapore-hollandvillage,n015,41,19.80151,10,True,False,False,False,False,True,False,False,False
e6f1a7e6218a4737bfedc6af90926b3e,scene-1062,"Night, difficult lighting, parked bicycle, wait at intersection, construction",singapore-hollandvillage,n015,40,19.800401,10,True,False,False,False,False,True,True,True,False
6af9b75e439e4811ad3b04dc2220657a,scene-1063,"Night, bump, ped, difficult lighting, trash bins, residential area",singapore-hollandvillage,n015,40,19.549916,10,True,False,False,True,False,False,False,False,False
f97bf749746c4c3a8ad9f1c11eab6444,scene-1064,"Night, trash cans, wait for scooter, turn right, parking lot",singapore-hollandvillage,n015,40,19.549925,10,True,False,False,False,False,True,False,True,False
bd338b912ce9434995b29b6dac9fbf1d,scene-1065,"Rain, Night, bump, motorcycle, difficult lighting, overtake parked car",singapore-hollandvillage,n015,40,19.499644,10,True,True,False,False,False,False,True,True,False
afbc2583cc324938b2e8931d42c83e6b,scene-1066,"Night, bump, scooter, difficult lighting",singapore-hollandvillage,n015,40,19.550461,10,True,False,False,False,False,False,False,True,False
16be583c31a2403caa6c158bb55ae616,scene-1067,"Night, rain, bump, ped in dark, arrive at intersection",singapore-hollandvillage,n015,40,19.549356,10,True,True,False,True,False,True,False,False,False
e8834785d9ff4783a5950281a4579943,scene-1068,"Night, wait at intersection, motorcycle, turn left",singapore-hollandvillage,n015,40,19.500694,10,True,False,False,False,False,True,False,True,False
d29527ec841045d18d04a933e7a0afd2,scene-1069,"Night, truck, congestion, parked bicycle",singapore-hollandvillage,n015,40,19.549352,10,True,False,False,False,True,False,True,True,True
85889db3628342a482c5c0255e5347e9,scene-1070,"Night, congestion, peds, motorcycle",singapore-hollandvillage,n015,41,19.800402,10,True,False,False,True,True,False,False,True,False
0dae482684ce4cd69a7258f55bc98d73,scene-1071,"Night, scooters, peds, parked bicycle, bus stop, cross intersection,  ped with bag near road",singapore-hollandvillage,n015,40,19.549907,10,True,False,False,True,False,True,True,True,True
82cabcf15a1a48aca6bbf082f8710e39,scene-1072,"Night, bus stop, scooter, trash can pushable / pullables, residential",singapore-hollandvillage,n015,40,19.499054,10,True,False,False,False,False,False,False,True,True
6498fce2f38645fc9bf9d4464b159230,scene-1073,"Night, scooters, turn left, dense traffic",singapore-hollandvillage,n015,40,19.400064,10,True,False,False,False,False,True,False,False,False
865c607c8ef44f13b39744a0de110740,scene-1074,"Night, rain, high speed, bus stop, bus, peds, parked bicycle",singapore-hollandvillage,n015,40,19.499644,10,True,True,False,True,False,False,True,True,True
277af8c7487f4f24bd2953d4dc8d11ff,scene-1075,"Night, bus, parked cars, bus stop, peds, trash cans, high speed",singapore-hollandvillage,n015,40,19.500675,10,True,False,False,True,False,False,True,False,True
7061c4fa99a44d02af4a3e2689be4457,scene-1076,"Night, trash cans, scooter, ped, turn left",singapore-hollandvillage,n015,41,19.948599,10,True,False,False,True,False,True,False,True,False
d25718445d89453381c659b9c8734939,scene-1077,"Night, big street, bus stop, high speed, construction vehicle",singapore-hollandvillage,n015,41,19.950247,10,True,False,False,False,False,False,False,False,True
c949ec2cca7047bdb67dce64b6c3586a,scene-1078,"Night, big street, high speed, scooters, bus, lane change",singapore-hollandvillage,n015,40,19.500114,10,True,False,False,False,False,False,False,False,True
f98a50e675b14266a6c53cb25a0351fa,scene-1079,"Night, big street, high speed, arrive at intersection",singapore-hollandvillage,n015,40,19.499603,10,True,False,False,False,False,True,False,False,False
a1e7cd557b9541dbb00822ea0c56204b,scene-1080,"Night, big street, dense traffic, scooters",singapore-hollandvillage,n015,40,19.501256,10,True,False,False,False,False,False,False,False,False
26c089d84086473e87607ae5c6ae85c6,scene-1081,"Night, rain, big street, congestion, cars, scooter, arrive at intersection",singapore-hollandvillage,n015,40,19.50018,10,True,True,False,False,True,True,False,True,False
400b708de5d7434d8964da4a0246d164,scene-1082,"Night, big street, wait at intersection",singapore-hollandvillage,n015,40,19.499073,10,True,False,False,False,False,True,False,False,False
567fcd99d0dc4fa088f52b047f4ebdcf,scene-1083,"Night, big street, bus, scooter, turn right",singapore-hollandvillage,n015,40,19.59967,10,True,False,False,False,False,True,False,True,True
affb0caa5d2948f98cee5c42c7aefc1c,scene-1084,"Night, scooter, peds, bus stop, parked cars, wait",singapore-hollandvillage,n015,41,19.950788,10,True,False,False,True,False,False,True,True,True
8d267899e2e843d4905fafd1f12c0a20,scene-1085,"Night, many peds, parked bicycles, turn left, parked scooters, congestion, peds with bags, cars in parking garage on second floor, trash cans",singapore-hollandvillage,n015,41,19.748964,10,True,False,False,True,True,True,True,False,False
1b5ef5ecb2084b89aa0314d65f25d9e1,scene-1086,"Night, bumps, parked car, peds, trash cans",singapore-hollandvillage,n015,40,19.50015,10,True,False,False,True,False,False,True,False,False
f143809fc26c4bb296f4f367b0954c26,scene-1087,"Night, residential area, low traffic, turn right, bump, ped in dark, parked bicycle",singapore-hollandvillage,n015,40,19.500128,10,True,False,False,True,False,True,True,True,False
fe4fdd7a28754baeac7074ad78f55a52,scene-1088,"Night, peds, trash cans, ped walking dog, turn right, parked car",singapore-hollandvillage,n015,40,19.650186,10,True,False,False,True,False,True,True,False,False
980ddcb62e294608bd4235b0dfd517f4,scene-1089,"Night, turn left, bump, trash cans, turn left, ped in dark",singapore-hollandvillage,n015,40,19.599188,10,True,False,False,True,False,True,False,False,False
6d8cb5391245464c9de1c412819df210,scene-1090,"Night, trash cans, parked car, ped in dark, reflections in water",singapore-hollandvillage,n015,40,19.500159,10,True,False,False,True,False,False,True,False,False
24d0c3ea8a2049468201c055667d6bc3,scene-1091,"Night, parked cars, peds, turn right, dog, jaywalkers, trash bins",singapore-hollandvillage,n015,41,19.849051,10,True,False,False,True,False,True,True,False,False
d2db9f5df62c4d338d3bed43f616b954,scene-1092,"Night, many peds, many trash cans, ped with bag, stopped taxi, delivery scooter, arrive at intersection",singapore-hollandvillage,n015,41,19.750096,10,True,False,False,True,False,True,False,True,False
1be49200788d4e38ae4496b27b233ccb,scene-1093,"Night, wait at intersection, peds crossing crosswalk, peds sidewalk, personal mobility device",singapore-hollandvillage,n015,41,19.850168,10,True,False,False,True,False,True,False,False,False
de7d80a1f5fb4c3e82ce8a4f213b450a,scene-1094,"Night, after rain, many peds, PMD, ped with bag, jaywalker, truck, scooter",singapore-hollandvillage,n015,40,19.499569,10,True,True,False,True,False,False,False,True,True
a2b64d02c5fa4b9bab671a97561b6b33,scene-1095,"Night, rain, lane change, cross intersection, scooter, bus, arrive at intersection",singapore-hollandvillage,n015,40,19.500145,10,True,True,False,False,False,True,False,True,True
9771da5dd7bb4657be34365619e39dab,scene-1096,"Night, wait at intersection, peds crossing crosswalk, scooter",singapore-hollandvillage,n015,41,19.850182,10,True,False,False,True,False,True,False,True,False
3ace9decdd1f4ea0915b9862c95ca128,scene-1097,"Night, scooter, start at intersection, turn right, ped crossing crosswalk, bus",singapore-hollandvillage,n015,40,19.500141,10,True,False,False,True,False,True,False,True,True
cdeb0e85e43e481a87b2251351e10c2f,scene-1098,"Night, peds, scooter, bus, waiting at intersection",singapore-hollandvillage,n015,40,19.500145,10,True,False,False,True,False,True,False,True,True
b57e1a48e584451f8f966ab083c8d07d,scene-1099,"Night, wait at busy intersection, peds, scooter on sidewalk, attempt to turn right",singapore-hollandvillage,n015,40,19.499033,10,True,False,False,True,True,True,False,True,False
e233467e827140efa4b42d2b4c435855,scene-1100,"Night, peds in sidewalk, peds cross crosswalk, scooter, PMD, difficult lighting",singapore-hollandvillage,n015,40,19.499052,10,True,False,False,True,False,False,False,True,False
cfa36eca40364e5bb15f550a077a21c5,scene-1101,"Night, buses, peds, rain, right turn",singapore-hollandvillage,n015,40,19.501786,10,True,True,False,True,False,True,False,False,False
04e5f089805540a5a9e73c1b7c54ee8c,scene-1102,"Night, rain, scooter, cars, high speed, cross intersection, arrive at intersection",singapore-hollandvillage,n015,40,19.599691,10,True,True,False,False,False,True,False,True,False
e3b6fe9201c64334be311d4249a0c80e,scene-1104,"Night, truck, rain, cross intersection",singapore-hollandvillage,n015,41,19.950786,10,True,True,False,False,False,True,False,False,True
692fe09aecae4b1a94f8a3bceedd9b7c,scene-1105,"Night, ped, avoid parked car, parked cars",singapore-hollandvillage,n015,40,19.500146,10,True,False,False,True,False,False,True,False,False
e5514b8f435e475cac4eba74b44773b5,scene-1106,"Night, rain, high speed, scooter, bus stop, low traffic, bus",singapore-hollandvillage,n015,40,19.499569,10,True,True,False,False,False,False,False,True,True
89f20737ec344aa48b543a9e005a38ca,scene-1107,"Night, rain, high speed, scooter, dense traffic at other lane",singapore-hollandvillage,n015,41,19.750091,10,True,True,False,False,False,False,False,True,False
d3c39710e9da42f48b605824ce2a1927,scene-1108,"Night, wet front camera, rain, bus, wait at intersection, scooters",singapore-hollandvillage,n015,40,19.400603,10,True,True,False,False,False,True,False,False,True
7ed1b613f0ee47ceaf6d19ca3947f825,scene-1109,"Night, rain, bus, lightning",singapore-hollandvillage,n015,39,19.250216,10,True,True,False,False,False,False,False,False,True
57146b2ebf10432f84b15a3038fe1755,scene-1110,"Night, rain, bus, turn right, peds, bus stop",singapore-hollandvillage,n015,40,19.500142,10,True,True,False,True,False,True,False,False,True
